"Data Source","World Development Indicators",

"Last Updated Date","2022-05-25",

"Country Name","Country Code","Indicator Name","Indicator Code","1960","1961","1962","1963","1964","1965","1966","1967","1968","1969","1970","1971","1972","1973","1974","1975","1976","1977","1978","1979","1980","1981","1982","1983","1984","1985","1986","1987","1988","1989","1990","1991","1992","1993","1994","1995","1996","1997","1998","1999","2000","2001","2002","2003","2004","2005","2006","2007","2008","2009","2010","2011","2012","2013","2014","2015","2016","2017","2018","2019","2020","2021",
"Aruba","ABW","Prevalence of undernourishment (% of population)","SN.ITK.DEFC.ZS","","","","","","","","","","","","","","","","","","","","","","","","","","","","","","","","","","","","","","","","","","","","","","","","","","","","","","","","","","","","","","",
"Africa Eastern and Southern","AFE","Prevalence of undernourishment (% of population)","SN.ITK.DEFC.ZS","","","","","","","","","","","","","","","","","","","","","","","","","","","","","","","","","","","","","","","","","","33.6489970293539","33.0092857665332","32.6020251380612","31.4332222504366","30.2099045621114","29.1535007207339","28.791678582772","28.245725096742","26.9129253482496","26.052020175526","25.3435899786525","25.2947852026102","24.096405841884","23.2218911026055","22.8243596985423","22.9678452001793","23.2948089875467","23.4054985199554","24.5240799386149","","",
"Afghanistan","AFG","Prevalence of undernourishment (% of population)","SN.ITK.DEFC.ZS","","","","","","","","","","","","","","","","","","","","","","","","","","","","","","","","","","","","","","","","","","47.8","45.6","40.6","38","36.1","33.3","29.8","26.5","24.4","23.7","24.7","28.2","26.3","24.2","21.5","22.2","23","23.4","25.6","","",
"Africa Western and Central","AFW","Prevalence of undernourishment (% of population)","SN.ITK.DEFC.ZS","","","","","","","","","","","","","","","","","","","","","","","","","","","","","","","","","","","","","","","","","","16.1549187451976","15.7171453055752","15.2048314341574","14.5404404541054","13.7527097297308","13.1710656850578","12.6458633496875","12.3797996360593","11.9706200591492","11.8006461454272","11.507321127243","11.9024839261223","11.8262439027477","11.9190878703142","11.6906881225015","11.7381763448693","12.0050427251117","12.4207298214421","14.6320737239859","","",
"Angola","AGO","Prevalence of undernourishment (% of population)","SN.ITK.DEFC.ZS","","","","","","","","","","","","","","","","","","","","","","","","","","","","","","","","","","","","","","","","","","67.5","63.2","58.7","55.1","52.2","49.3","46.1","42.9","33.2","24.4","17.2","16.3","15","14.2","14.5","15.4","15.4","15.5","17.3","","",
"Albania","ALB","Prevalence of undernourishment (% of population)","SN.ITK.DEFC.ZS","","","","","","","","","","","","","","","","","","","","","","","","","","","","","","","","","","","","","","","","","","4.9","6.1","7.5","8.6","8.9","8.8","8.3","7.3","5.9","4.9","4.1","3.5","3.9","4.4","4.7","4.3","4.1","4","3.9","","",
"Andorra","AND","Prevalence of undernourishment (% of population)","SN.ITK.DEFC.ZS","","","","","","","","","","","","","","","","","","","","","","","","","","","","","","","","","","","","","","","","","","","","","","","","","","","","","","","","","","","","","","",
"Arab World","ARB","Prevalence of undernourishment (% of population)","SN.ITK.DEFC.ZS","","","","","","","","","","","","","","","","","","","","","","","","","","","","","","","","","","","","","","","","","","12.5514990135662","12.4668542126115","12.6575773855786","12.8571847698126","12.729601036436","12.4832656799057","12.2737489861674","12.133785849068","12.5390061500489","13.3092861923119","13.8334360345643","13.9448230701667","13.2200911505442","13.0744708967313","13.1622748454256","13.5185430150543","13.6713262050101","13.6079202926922","14.0079257145602","","",
"United Arab Emirates","ARE","Prevalence of undernourishment (% of population)","SN.ITK.DEFC.ZS","","","","","","","","","","","","","","","","","","","","","","","","","","","","","","","","","","","","","","","","","","3.3","4.4","5.9","7.7","8.8","9.2","9","8.2","7.4","6.3","5.5","4.4","3.6","2.9","2.7","2.9","3.2","3.4","3.7","","",
"Argentina","ARG","Prevalence of undernourishment (% of population)","SN.ITK.DEFC.ZS","","","","","","","","","","","","","","","","","","","","","","","","","","","","","","","","","","","","","","","","","","3","3.8","4.5","4","3.7","3.4","3.3","3.3","3.3","3.4","3.3","3.1","2.8","2.5","2.5","2.6","3.1","3.5","3.9","","",
"Armenia","ARM","Prevalence of undernourishment (% of population)","SN.ITK.DEFC.ZS","","","","","","","","","","","","","","","","","","","","","","","","","","","","","","","","","","","","","","","","","","26.1","24.5","21.1","16","12.3","9.3","6.9","5.6","4.6","4.3","4","3.6","3.3","2.9","2.8","2.8","3.1","3.2","3.4","","",
"American Samoa","ASM","Prevalence of undernourishment (% of population)","SN.ITK.DEFC.ZS","","","","","","","","","","","","","","","","","","","","","","","","","","","","","","","","","","","","","","","","","","","","","","","","","","","","","","","","","","","","","","",
"Antigua and Barbuda","ATG","Prevalence of undernourishment (% of population)","SN.ITK.DEFC.ZS","","","","","","","","","","","","","","","","","","","","","","","","","","","","","","","","","","","","","","","","","","","","","","","","","","","","","","","","","","","","","","",
"Australia","AUS","Prevalence of undernourishment (% of population)","SN.ITK.DEFC.ZS","","","","","","","","","","","","","","","","","","","","","","","","","","","","","","","","","","","","","","","","","","2.5","2.5","2.5","2.5","2.5","2.5","2.5","2.5","2.5","2.5","2.5","2.5","2.5","2.5","2.5","2.5","2.5","2.5","2.5","","",
"Austria","AUT","Prevalence of undernourishment (% of population)","SN.ITK.DEFC.ZS","","","","","","","","","","","","","","","","","","","","","","","","","","","","","","","","","","","","","","","","","","2.5","2.5","2.5","2.5","2.5","2.5","2.5","2.5","2.5","2.5","2.5","2.5","2.5","2.5","2.5","2.5","2.5","2.5","2.5","","",
"Azerbaijan","AZE","Prevalence of undernourishment (% of population)","SN.ITK.DEFC.ZS","","","","","","","","","","","","","","","","","","","","","","","","","","","","","","","","","","","","","","","","","","17","13.4","10.4","7.4","4.8","2.8","2.5","2.5","2.5","2.5","2.5","2.5","2.5","2.5","2.5","2.5","2.5","2.5","2.5","","",
"Burundi","BDI","Prevalence of undernourishment (% of population)","SN.ITK.DEFC.ZS","","","","","","","","","","","","","","","","","","","","","","","","","","","","","","","","","","","","","","","","","","","","","","","","","","","","","","","","","","","","","","",
"Belgium","BEL","Prevalence of undernourishment (% of population)","SN.ITK.DEFC.ZS","","","","","","","","","","","","","","","","","","","","","","","","","","","","","","","","","","","","","","","","","","2.5","2.5","2.5","2.5","2.5","2.5","2.5","2.5","2.5","2.5","2.5","2.5","2.5","2.5","2.5","2.5","2.5","2.5","2.5","","",
"Benin","BEN","Prevalence of undernourishment (% of population)","SN.ITK.DEFC.ZS","","","","","","","","","","","","","","","","","","","","","","","","","","","","","","","","","","","","","","","","","","17.2","15.5","13.7","13.2","12","11","10.1","9","9.1","8.5","8.3","7.9","7.6","7.5","7.3","7.3","7.2","7.3","7.6","","",
"Burkina Faso","BFA","Prevalence of undernourishment (% of population)","SN.ITK.DEFC.ZS","","","","","","","","","","","","","","","","","","","","","","","","","","","","","","","","","","","","","","","","","","22.6","20.5","18.6","18.1","17.5","17.1","16","15.4","14.3","13.7","13.1","12.7","12.2","12","12","12.3","12.4","12.7","14.4","","",
"Bangladesh","BGD","Prevalence of undernourishment (% of population)","SN.ITK.DEFC.ZS","","","","","","","","","","","","","","","","","","","","","","","","","","","","","","","","","","","","","","","","","","15.9","15.1","14.9","14.4","14.2","13.8","13.9","13.6","14.7","15.2","15.7","15.5","15.1","14.2","14","13.3","12.5","10.8","9.7","","",
"Bulgaria","BGR","Prevalence of undernourishment (% of population)","SN.ITK.DEFC.ZS","","","","","","","","","","","","","","","","","","","","","","","","","","","","","","","","","","","","","","","","","","4","4.2","4.5","4.9","4.9","5.1","4.6","4.5","4.3","4.3","4.3","4","3.4","3.4","3.4","3.6","3.1","2.8","3","","",
"Bahrain","BHR","Prevalence of undernourishment (% of population)","SN.ITK.DEFC.ZS","","","","","","","","","","","","","","","","","","","","","","","","","","","","","","","","","","","","","","","","","","","","","","","","","","","","","","","","","","","","","","",
"Bahamas, The","BHS","Prevalence of undernourishment (% of population)","SN.ITK.DEFC.ZS","","","","","","","","","","","","","","","","","","","","","","","","","","","","","","","","","","","","","","","","","","","","","","","","","","","","","","","","","","","","","","",
"Bosnia and Herzegovina","BIH","Prevalence of undernourishment (% of population)","SN.ITK.DEFC.ZS","","","","","","","","","","","","","","","","","","","","","","","","","","","","","","","","","","","","","","","","","","3.2","3","2.6","2.5","2.5","2.5","2.5","2.5","2.5","2.5","2.5","2.5","2.5","2.5","2.5","2.5","2.5","2.5","2.5","","",
"Belarus","BLR","Prevalence of undernourishment (% of population)","SN.ITK.DEFC.ZS","","","","","","","","","","","","","","","","","","","","","","","","","","","","","","","","","","","","","","","","","","2.5","2.7","3.3","3.3","2.5","2.5","2.5","2.5","2.5","2.5","2.5","2.5","2.5","2.5","2.5","2.5","2.5","2.5","2.5","","",
"Belize","BLZ","Prevalence of undernourishment (% of population)","SN.ITK.DEFC.ZS","","","","","","","","","","","","","","","","","","","","","","","","","","","","","","","","","","","","","","","","","","5.8","5.4","5.5","5.5","5.7","5.8","6.6","7.1","6.9","6.8","7.1","7.8","8.1","7.8","7.7","7.2","6.7","6.2","5.9","","",
"Bermuda","BMU","Prevalence of undernourishment (% of population)","SN.ITK.DEFC.ZS","","","","","","","","","","","","","","","","","","","","","","","","","","","","","","","","","","","","","","","","","","","","","","","","","","","","","","","","","","","","","","",
"Bolivia","BOL","Prevalence of undernourishment (% of population)","SN.ITK.DEFC.ZS","","","","","","","","","","","","","","","","","","","","","","","","","","","","","","","","","","","","","","","","","","27.9","26.9","27.7","27.7","26.8","24.6","23.9","24.7","22.9","20.3","17.2","16.5","16.4","15.5","14.3","13.1","12.5","12.6","12.6","","",
"Brazil","BRA","Prevalence of undernourishment (% of population)","SN.ITK.DEFC.ZS","","","","","","","","","","","","","","","","","","","","","","","","","","","","","","","","","","","","","","","","","","10.7","9.3","7.9","6.8","6.5","6.2","5.6","5.1","4.4","3.9","3.4","3.1","2.8","2.6","2.5","2.5","2.5","2.5","2.5","","",
"Barbados","BRB","Prevalence of undernourishment (% of population)","SN.ITK.DEFC.ZS","","","","","","","","","","","","","","","","","","","","","","","","","","","","","","","","","","","","","","","","","","6.4","6.2","6.7","6.2","6.1","5.3","5.3","4.9","4.8","4.8","4.7","4.5","4.4","4.2","4.3","4.3","4.3","4.2","4.1","","",
"Brunei Darussalam","BRN","Prevalence of undernourishment (% of population)","SN.ITK.DEFC.ZS","","","","","","","","","","","","","","","","","","","","","","","","","","","","","","","","","","","","","","","","","","2.6","2.5","2.5","2.5","2.5","2.5","2.5","2.5","2.5","2.5","2.5","2.5","2.5","2.5","2.5","2.5","2.5","2.5","2.5","","",
"Bhutan","BTN","Prevalence of undernourishment (% of population)","SN.ITK.DEFC.ZS","","","","","","","","","","","","","","","","","","","","","","","","","","","","","","","","","","","","","","","","","","","","","","","","","","","","","","","","","","","","","","",
"Botswana","BWA","Prevalence of undernourishment (% of population)","SN.ITK.DEFC.ZS","","","","","","","","","","","","","","","","","","","","","","","","","","","","","","","","","","","","","","","","","","23.7","24.1","24.5","24.2","25.2","27.5","29.8","30.9","31.6","31.5","30.2","29.7","28","27.3","26.4","27.7","28.9","29.5","29.3","","",
"Central African Republic","CAF","Prevalence of undernourishment (% of population)","SN.ITK.DEFC.ZS","","","","","","","","","","","","","","","","","","","","","","","","","","","","","","","","","","","","","","","","","","39.2","40.1","40.6","40.5","39.6","37.7","35.7","33.3","31","29.1","28.1","32.8","40.3","48.3","49.9","48.6","46.1","46.7","48.2","","",
"Canada","CAN","Prevalence of undernourishment (% of population)","SN.ITK.DEFC.ZS","","","","","","","","","","","","","","","","","","","","","","","","","","","","","","","","","","","","","","","","","","2.5","2.5","2.5","2.5","2.5","2.5","2.5","2.5","2.5","2.5","2.5","2.5","2.5","2.5","2.5","2.5","2.5","2.5","2.5","","",
"Central Europe and the Baltics","CEB","Prevalence of undernourishment (% of population)","SN.ITK.DEFC.ZS","","","","","","","","","","","","","","","","","","","","","","","","","","","","","","","","","","","","","","","","","","3.02295241370008","2.92736467477378","2.88738407494429","2.87032006518168","2.82534262608677","2.84431568831216","2.79827279405521","2.76566458051043","2.70495714737934","2.67911556234228","2.67360886020373","2.652264441044","2.64133802308867","2.70941605390089","2.74115461069966","2.739586882681","2.64720674243599","2.60554425773411","2.61395774043317","","",
"Switzerland","CHE","Prevalence of undernourishment (% of population)","SN.ITK.DEFC.ZS","","","","","","","","","","","","","","","","","","","","","","","","","","","","","","","","","","","","","","","","","","2.5","2.5","2.5","2.5","2.5","2.5","2.5","2.5","2.5","2.5","2.5","2.5","2.5","2.5","2.5","2.5","2.5","2.5","2.5","","",
"Channel Islands","CHI","Prevalence of undernourishment (% of population)","SN.ITK.DEFC.ZS","","","","","","","","","","","","","","","","","","","","","","","","","","","","","","","","","","","","","","","","","","","","","","","","","","","","","","","","","","","","","","",
"Chile","CHL","Prevalence of undernourishment (% of population)","SN.ITK.DEFC.ZS","","","","","","","","","","","","","","","","","","","","","","","","","","","","","","","","","","","","","","","","","","3.4","3.2","3.2","3.2","3.1","3.1","3.1","3.4","3.6","3.6","3.4","3.2","3.1","3.1","3","3.1","3","3","3.4","","",
"China","CHN","Prevalence of undernourishment (% of population)","SN.ITK.DEFC.ZS","","","","","","","","","","","","","","","","","","","","","","","","","","","","","","","","","","","","","","","","","","10.1","9.5","8.8","8","7.1","6.1","5","4","2.8","2.5","2.5","2.5","2.5","2.5","2.5","2.5","2.5","2.5","2.5","","",
"Cote d'Ivoire","CIV","Prevalence of undernourishment (% of population)","SN.ITK.DEFC.ZS","","","","","","","","","","","","","","","","","","","","","","","","","","","","","","","","","","","","","","","","","","20.4","21.3","21.2","20.6","20.2","20.2","21.1","22.1","22.3","22.3","21.7","21.9","20.4","18.6","16.5","15.5","15","14.9","14.9","","",
"Cameroon","CMR","Prevalence of undernourishment (% of population)","SN.ITK.DEFC.ZS","","","","","","","","","","","","","","","","","","","","","","","","","","","","","","","","","","","","","","","","","","22.9","20.7","19.3","17.6","15.9","14.1","12.6","11.2","9.1","7.6","6.2","5.8","5.6","5.5","5.4","5.5","5.6","5.6","5.3","","",
"Congo, Dem. Rep.","COD","Prevalence of undernourishment (% of population)","SN.ITK.DEFC.ZS","","","","","","","","","","","","","","","","","","","","","","","","","","","","","","","","","","","","","","","","","","38.2","38.2","38.2","38.3","38.4","38.5","38.6","38.7","38.7","38.8","40","41.5","41.5","40.7","40.1","39.9","40.2","40.4","41.7","","",
"Congo, Rep.","COG","Prevalence of undernourishment (% of population)","SN.ITK.DEFC.ZS","","","","","","","","","","","","","","","","","","","","","","","","","","","","","","","","","","","","","","","","","","27","26.4","26.4","31.7","34","36.6","35.4","35.5","35.5","36.5","36","33","30.9","31.1","34.1","34.6","36","36.8","37.7","","",
"Colombia","COL","Prevalence of undernourishment (% of population)","SN.ITK.DEFC.ZS","","","","","","","","","","","","","","","","","","","","","","","","","","","","","","","","","","","","","","","","","","8.7","9.1","9.8","10.6","11.2","11.4","11","11.3","12.2","13.1","12.1","10.1","8.1","7.1","6.5","6.8","7.1","7.9","8.8","","",
"Comoros","COM","Prevalence of undernourishment (% of population)","SN.ITK.DEFC.ZS","","","","","","","","","","","","","","","","","","","","","","","","","","","","","","","","","","","","","","","","","","","","","","","","","","","","","","","","","","","","","","",
"Cabo Verde","CPV","Prevalence of undernourishment (% of population)","SN.ITK.DEFC.ZS","","","","","","","","","","","","","","","","","","","","","","","","","","","","","","","","","","","","","","","","","","14.5","14.4","13.1","11.3","11","11.4","12.3","13.1","15","15.8","16.3","16","16","16.4","16.8","17","16.7","16.2","15.4","","",
"Costa Rica","CRI","Prevalence of undernourishment (% of population)","SN.ITK.DEFC.ZS","","","","","","","","","","","","","","","","","","","","","","","","","","","","","","","","","","","","","","","","","","4.7","5","5.2","5","4.4","3.9","3.8","3.9","4","3.8","3.8","3.8","4.1","4.3","4.1","3.6","3.1","3","3.1","","",
"Caribbean small states","CSS","Prevalence of undernourishment (% of population)","SN.ITK.DEFC.ZS","","","","","","","","","","","","","","","","","","","","","","","","","","","","","","","","","","","","","","","","","","8.15621695286025","7.96216073417964","8.11623663370747","8.17644095364358","8.19606158272397","8.07816536524849","8.2971681795691","8.5138134027439","8.67446228750892","8.5519938002518","8.40035707831499","8.29351196921395","8.13893319542056","7.9279957402955","8.0303111643517","7.86024600690749","7.59015629549931","6.99251473878983","6.95546275199451","","",
"Cuba","CUB","Prevalence of undernourishment (% of population)","SN.ITK.DEFC.ZS","","","","","","","","","","","","","","","","","","","","","","","","","","","","","","","","","","","","","","","","","","2.5","2.5","2.5","2.5","2.5","2.5","2.5","2.5","2.5","2.5","2.5","2.5","2.5","2.5","2.5","2.5","2.5","2.5","2.5","","",
"Curacao","CUW","Prevalence of undernourishment (% of population)","SN.ITK.DEFC.ZS","","","","","","","","","","","","","","","","","","","","","","","","","","","","","","","","","","","","","","","","","","","","","","","","","","","","","","","","","","","","","","",
"Cayman Islands","CYM","Prevalence of undernourishment (% of population)","SN.ITK.DEFC.ZS","","","","","","","","","","","","","","","","","","","","","","","","","","","","","","","","","","","","","","","","","","","","","","","","","","","","","","","","","","","","","","",
"Cyprus","CYP","Prevalence of undernourishment (% of population)","SN.ITK.DEFC.ZS","","","","","","","","","","","","","","","","","","","","","","","","","","","","","","","","","","","","","","","","","","5.1","5.7","6.1","6.9","7.6","7.5","6.9","6.4","6.3","6.2","6.1","6.2","4.7","2.8","2.5","2.5","2.5","2.5","2.5","","",
"Czech Republic","CZE","Prevalence of undernourishment (% of population)","SN.ITK.DEFC.ZS","","","","","","","","","","","","","","","","","","","","","","","","","","","","","","","","","","","","","","","","","","2.5","2.5","2.5","2.5","2.5","2.5","2.5","2.5","2.5","2.5","2.5","2.5","2.5","2.5","2.5","2.5","2.5","2.5","2.5","","",
"Germany","DEU","Prevalence of undernourishment (% of population)","SN.ITK.DEFC.ZS","","","","","","","","","","","","","","","","","","","","","","","","","","","","","","","","","","","","","","","","","","2.5","2.5","2.5","2.5","2.5","2.5","2.5","2.5","2.5","2.5","2.5","2.5","2.5","2.5","2.5","2.5","2.5","2.5","2.5","","",
"Djibouti","DJI","Prevalence of undernourishment (% of population)","SN.ITK.DEFC.ZS","","","","","","","","","","","","","","","","","","","","","","","","","","","","","","","","","","","","","","","","","","42","40.8","38.2","34.7","31.3","27.3","25.1","23.4","23.2","22.9","22.2","20.8","19.7","18.1","17.5","16.7","16.4","16","16.2","","",
"Dominica","DMA","Prevalence of undernourishment (% of population)","SN.ITK.DEFC.ZS","","","","","","","","","","","","","","","","","","","","","","","","","","","","","","","","","","","","","","","","","","3.7","4.1","4.7","5","5.4","5","4.6","4.1","4.4","4.7","4.9","5.1","5.2","5.1","5.1","5","5.3","5.5","5.6","","",
"Denmark","DNK","Prevalence of undernourishment (% of population)","SN.ITK.DEFC.ZS","","","","","","","","","","","","","","","","","","","","","","","","","","","","","","","","","","","","","","","","","","2.5","2.5","2.5","2.5","2.5","2.5","2.5","2.5","2.5","2.5","2.5","2.5","2.5","2.5","2.5","2.5","2.5","2.5","2.5","","",
"Dominican Republic","DOM","Prevalence of undernourishment (% of population)","SN.ITK.DEFC.ZS","","","","","","","","","","","","","","","","","","","","","","","","","","","","","","","","","","","","","","","","","","20.4","22.6","23.6","23","19.2","16.4","16.2","16","14.6","12.3","10.3","9.7","8.9","8.3","7.4","6.8","6.4","6.7","8.3","","",
"Algeria","DZA","Prevalence of undernourishment (% of population)","SN.ITK.DEFC.ZS","","","","","","","","","","","","","","","","","","","","","","","","","","","","","","","","","","","","","","","","","","8","7.3","7","7","6.7","6.4","5.9","5.6","5.3","4.6","4","3.3","3.1","2.9","2.8","2.8","2.7","2.5","2.5","","",
"East Asia & Pacific (excluding high income)","EAP","Prevalence of undernourishment (% of population)","SN.ITK.DEFC.ZS","","","","","","","","","","","","","","","","","","","","","","","","","","","","","","","","","","","","","","","","","","13.3903533430565","12.7536699314538","11.9659822382761","11.2760606878754","10.4841492925345","9.62705463519275","8.6418571773846","7.71337938444867","6.54961457767766","5.97403133102948","5.59201583322278","5.37337633292343","5.15610392175057","5.01924520549351","4.85127308440307","4.75338453377236","4.62933779359691","4.53833089603532","4.53207692764642","","",
"Early-demographic dividend","EAR","Prevalence of undernourishment (% of population)","SN.ITK.DEFC.ZS","","","","","","","","","","","","","","","","","","","","","","","","","","","","","","","","","","","","","","","","","","17.463198575248","18.0639997151476","18.4772849454566","18.3478081021372","17.7766153708424","16.5174560276198","15.3203077062674","14.6315053497341","14.0991859704121","13.6301869268982","13.1171194323309","12.7364918435182","12.4121377805742","12.0262854510179","11.7709138473117","11.5064081251822","11.2944184963966","11.2770037638835","12.0173123948221","","",
"East Asia & Pacific","EAS","Prevalence of undernourishment (% of population)","SN.ITK.DEFC.ZS","","","","","","","","","","","","","","","","","","","","","","","","","","","","","","","","","","","","","","","","","","12.2029732085881","11.6474970010877","10.9502567801862","10.3411832307476","9.63863718694052","8.87844566704785","8.00566542370734","7.17977179713787","6.1485112780622","5.63945905613654","5.28688313221476","5.0898375449887","4.89519022741623","4.77116771650789","4.62111686460224","4.53443637794803","4.4222453245202","4.3403501690411","4.33230954009204","","",
"Europe & Central Asia (excluding high income)","ECA","Prevalence of undernourishment (% of population)","SN.ITK.DEFC.ZS","","","","","","","","","","","","","","","","","","","","","","","","","","","","","","","","","","","","","","","","","","5.18310797721152","4.82959574721921","4.50696114786748","4.15434760900941","3.90044849581016","3.65976828068598","3.5078584795182","3.42893414389256","3.19881424905349","2.95269874495951","2.72539316439368","2.69811775889959","2.68939307628223","2.69371986986751","2.71490709398486","2.71657858850911","2.7095616805559","2.68927029765552","2.70544290894","","",
"Europe & Central Asia","ECS","Prevalence of undernourishment (% of population)","SN.ITK.DEFC.ZS","","","","","","","","","","","","","","","","","","","","","","","","","","","","","","","","","","","","","","","","","","3.75441751548128","3.58011106762727","3.42681807712357","3.26357123686849","3.14490026466306","3.03791756991785","2.96793626432179","2.92887604414291","2.82185040931215","2.71047641894674","2.60983216507421","2.59803206037979","2.59600294034567","2.60345838721247","2.61618818065088","2.61517082510867","2.60548544160703","2.59408984594016","2.60081323038925","","",
"Ecuador","ECU","Prevalence of undernourishment (% of population)","SN.ITK.DEFC.ZS","","","","","","","","","","","","","","","","","","","","","","","","","","","","","","","","","","","","","","","","","","21","22.7","22.7","22.7","22.4","22.8","22.1","21.3","16","12.3","8.5","9.1","9","8.9","9","9.7","10.7","11.2","12.4","","",
"Egypt, Arab Rep.","EGY","Prevalence of undernourishment (% of population)","SN.ITK.DEFC.ZS","","","","","","","","","","","","","","","","","","","","","","","","","","","","","","","","","","","","","","","","","","5.2","5.4","6","6.4","6.4","6","5.7","5.6","5.5","5.4","5.1","5.2","4.9","4.6","4.4","4.6","4.9","5.1","5.4","","",
"Euro area","EMU","Prevalence of undernourishment (% of population)","SN.ITK.DEFC.ZS","","","","","","","","","","","","","","","","","","","","","","","","","","","","","","","","","","","","","","","","","","2.58772532507841","2.5816948708228","2.57415660043308","2.56933341603127","2.56484742442961","2.56613025271137","2.56092593945497","2.55124011215625","2.53653481228376","2.52828519702912","2.52655765290034","2.52697082610552","2.53153432591473","2.54584826530454","2.55431974812028","2.54944603801164","2.53188134311255","2.52548352162653","2.52390189415989","","",
"Eritrea","ERI","Prevalence of undernourishment (% of population)","SN.ITK.DEFC.ZS","","","","","","","","","","","","","","","","","","","","","","","","","","","","","","","","","","","","","","","","","","","","","","","","","","","","","","","","","","","","","","",
"Spain","ESP","Prevalence of undernourishment (% of population)","SN.ITK.DEFC.ZS","","","","","","","","","","","","","","","","","","","","","","","","","","","","","","","","","","","","","","","","","","2.5","2.5","2.5","2.5","2.5","2.5","2.5","2.5","2.5","2.5","2.5","2.5","2.5","2.5","2.5","2.5","2.5","2.5","2.5","","",
"Estonia","EST","Prevalence of undernourishment (% of population)","SN.ITK.DEFC.ZS","","","","","","","","","","","","","","","","","","","","","","","","","","","","","","","","","","","","","","","","","","3.6","3.5","3.3","2.9","2.5","2.5","2.5","2.5","2.5","2.5","2.5","2.5","2.5","2.5","2.5","2.5","2.5","2.5","2.5","","",
"Ethiopia","ETH","Prevalence of undernourishment (% of population)","SN.ITK.DEFC.ZS","","","","","","","","","","","","","","","","","","","","","","","","","","","","","","","","","","","","","","","","","","47","44.2","42.6","39","37.1","35.6","35","33.5","29.7","27.6","26","25.3","21.8","17.8","14.8","13.8","14","14.4","16.2","","",
"European Union","EUU","Prevalence of undernourishment (% of population)","SN.ITK.DEFC.ZS","","","","","","","","","","","","","","","","","","","","","","","","","","","","","","","","","","","","","","","","","","2.63677224626253","2.61334222085661","2.6037920302622","2.60096430597343","2.59123657348804","2.59530171834064","2.5823592510819","2.57300545425148","2.55817942605588","2.55168406287905","2.55022144167161","2.54536816409345","2.53881668545135","2.54964068613391","2.55601499218881","2.55539115072821","2.53389622386112","2.52421566061473","2.52609382405944","","",
"Fragile and conflict affected situations","FCS","Prevalence of undernourishment (% of population)","SN.ITK.DEFC.ZS","","","","","","","","","","","","","","","","","","","","","","","","","","","","","","","","","","","","","","","","","","27.864488485549","26.9269925624824","26.0684346857799","24.8579669698093","23.8416579810481","22.9075285110717","21.9881080215419","21.1923642787794","20.3337186110162","20.2150096788268","20.2401274737869","20.7480429193068","20.0094026774109","19.5507692639911","19.4133909307668","19.7540774349617","20.2952815580875","20.5903879506585","22.4049623845796","","",
"Finland","FIN","Prevalence of undernourishment (% of population)","SN.ITK.DEFC.ZS","","","","","","","","","","","","","","","","","","","","","","","","","","","","","","","","","","","","","","","","","","2.5","2.5","2.5","2.5","2.5","2.5","2.5","2.5","2.5","2.5","2.5","2.5","2.5","2.5","2.5","2.5","2.5","2.5","2.5","","",
"Fiji","FJI","Prevalence of undernourishment (% of population)","SN.ITK.DEFC.ZS","","","","","","","","","","","","","","","","","","","","","","","","","","","","","","","","","","","","","","","","","","4","3.8","3.9","3.8","3.7","3.7","3.7","3.9","3.9","4","3.8","3.4","4.4","5.2","6.4","6.3","6.3","5.8","5.6","","",
"France","FRA","Prevalence of undernourishment (% of population)","SN.ITK.DEFC.ZS","","","","","","","","","","","","","","","","","","","","","","","","","","","","","","","","","","","","","","","","","","2.5","2.5","2.5","2.5","2.5","2.5","2.5","2.5","2.5","2.5","2.5","2.5","2.5","2.5","2.5","2.5","2.5","2.5","2.5","","",
"Faroe Islands","FRO","Prevalence of undernourishment (% of population)","SN.ITK.DEFC.ZS","","","","","","","","","","","","","","","","","","","","","","","","","","","","","","","","","","","","","","","","","","","","","","","","","","","","","","","","","","","","","","",
"Micronesia, Fed. Sts.","FSM","Prevalence of undernourishment (% of population)","SN.ITK.DEFC.ZS","","","","","","","","","","","","","","","","","","","","","","","","","","","","","","","","","","","","","","","","","","","","","","","","","","","","","","","","","","","","","","",
"Gabon","GAB","Prevalence of undernourishment (% of population)","SN.ITK.DEFC.ZS","","","","","","","","","","","","","","","","","","","","","","","","","","","","","","","","","","","","","","","","","","10.7","12.1","13.3","13.9","14.3","14.8","15.9","16.8","17.4","17.2","17.2","17.3","16.1","14.7","13.9","15","16","16.2","15.7","","",
"United Kingdom","GBR","Prevalence of undernourishment (% of population)","SN.ITK.DEFC.ZS","","","","","","","","","","","","","","","","","","","","","","","","","","","","","","","","","","","","","","","","","","2.5","2.5","2.5","2.5","2.5","2.5","2.5","2.5","2.5","2.5","2.5","2.5","2.5","2.5","2.5","2.5","2.5","2.5","2.5","","",
"Georgia","GEO","Prevalence of undernourishment (% of population)","SN.ITK.DEFC.ZS","","","","","","","","","","","","","","","","","","","","","","","","","","","","","","","","","","","","","","","","","","7.7","5.9","4.8","4.1","4.1","4","4","3.6","3.7","4.2","4.6","4.3","5.4","6.6","8.1","8.3","8.3","8.1","8.7","","",
"Ghana","GHA","Prevalence of undernourishment (% of population)","SN.ITK.DEFC.ZS","","","","","","","","","","","","","","","","","","","","","","","","","","","","","","","","","","","","","","","","","","14.9","13.5","12.6","12.2","11.2","10.6","9.4","8.2","6.7","6.6","6.7","7.2","7.1","7.4","7.7","7.6","7.1","6.4","6.1","","",
"Gibraltar","GIB","Prevalence of undernourishment (% of population)","SN.ITK.DEFC.ZS","","","","","","","","","","","","","","","","","","","","","","","","","","","","","","","","","","","","","","","","","","","","","","","","","","","","","","","","","","","","","","",
"Guinea","GIN","Prevalence of undernourishment (% of population)","SN.ITK.DEFC.ZS","","","","","","","","","","","","","","","","","","","","","","","","","","","","","","","","","","","","","","","","","","","","","","","","","","","","","","","","","","","","","","",
"Gambia, The","GMB","Prevalence of undernourishment (% of population)","SN.ITK.DEFC.ZS","","","","","","","","","","","","","","","","","","","","","","","","","","","","","","","","","","","","","","","","","","17.8","19.6","20.5","20.7","21.7","20.7","18.7","15.8","14.2","13.1","12.7","13","12.4","11.9","11.3","11.7","11.9","12.4","13.6","","",
"Guinea-Bissau","GNB","Prevalence of undernourishment (% of population)","SN.ITK.DEFC.ZS","","","","","","","","","","","","","","","","","","","","","","","","","","","","","","","","","","","","","","","","","","","","","","","","","","","","","","","","","","","","","","",
"Equatorial Guinea","GNQ","Prevalence of undernourishment (% of population)","SN.ITK.DEFC.ZS","","","","","","","","","","","","","","","","","","","","","","","","","","","","","","","","","","","","","","","","","","","","","","","","","","","","","","","","","","","","","","",
"Greece","GRC","Prevalence of undernourishment (% of population)","SN.ITK.DEFC.ZS","","","","","","","","","","","","","","","","","","","","","","","","","","","","","","","","","","","","","","","","","","2.5","2.5","2.5","2.5","2.5","2.5","2.5","2.5","2.5","2.5","2.5","2.5","2.5","2.5","2.5","2.5","2.5","2.5","2.5","","",
"Grenada","GRD","Prevalence of undernourishment (% of population)","SN.ITK.DEFC.ZS","","","","","","","","","","","","","","","","","","","","","","","","","","","","","","","","","","","","","","","","","","","","","","","","","","","","","","","","","","","","","","",
"Greenland","GRL","Prevalence of undernourishment (% of population)","SN.ITK.DEFC.ZS","","","","","","","","","","","","","","","","","","","","","","","","","","","","","","","","","","","","","","","","","","","","","","","","","","","","","","","","","","","","","","",
"Guatemala","GTM","Prevalence of undernourishment (% of population)","SN.ITK.DEFC.ZS","","","","","","","","","","","","","","","","","","","","","","","","","","","","","","","","","","","","","","","","","","22.2","19.9","18.9","19.1","18.9","17.8","18.2","17.9","17.7","16.5","16.5","17","17.6","17.7","17.3","16.4","16.3","16","16.8","","",
"Guam","GUM","Prevalence of undernourishment (% of population)","SN.ITK.DEFC.ZS","","","","","","","","","","","","","","","","","","","","","","","","","","","","","","","","","","","","","","","","","","","","","","","","","","","","","","","","","","","","","","",
"Guyana","GUY","Prevalence of undernourishment (% of population)","SN.ITK.DEFC.ZS","","","","","","","","","","","","","","","","","","","","","","","","","","","","","","","","","","","","","","","","","","6.5","6.5","6.8","6.9","7.1","7.1","7.5","7.6","7.7","7.3","6.6","5.9","5.9","6.1","6.7","6.3","6","5.5","5.2","","",
"High income","HIC","Prevalence of undernourishment (% of population)","SN.ITK.DEFC.ZS","","","","","","","","","","","","","","","","","","","","","","","","","","","","","","","","","","","","","","","","","","2.6755490970836","2.67935171698918","2.68273500480714","2.68610497216061","2.68076391764274","2.68174603451949","2.69570478371609","2.71425048685407","2.72823162543676","2.73298586234925","2.68746822679336","2.66833639328508","2.63800805276809","2.62585592611291","2.61374933064276","2.61804838216463","2.61117250752059","2.61148076921066","2.61811956919079","","",
"Hong Kong SAR, China","HKG","Prevalence of undernourishment (% of population)","SN.ITK.DEFC.ZS","","","","","","","","","","","","","","","","","","","","","","","","","","","","","","","","","","","","","","","","","","2.5","2.5","2.5","2.5","2.5","2.5","2.5","2.5","2.5","2.5","2.5","2.5","2.5","2.5","2.5","2.5","2.5","2.5","2.5","","",
"Honduras","HND","Prevalence of undernourishment (% of population)","SN.ITK.DEFC.ZS","","","","","","","","","","","","","","","","","","","","","","","","","","","","","","","","","","","","","","","","","","21.9","21.2","21.7","22.2","22.3","21.8","21","20.8","18.3","15.9","13.5","13.4","14.1","14.6","14.5","13.8","13.2","13.1","13.5","","",
"Heavily indebted poor countries (HIPC)","HPC","Prevalence of undernourishment (% of population)","SN.ITK.DEFC.ZS","","","","","","","","","","","","","","","","","","","","","","","","","","","","","","","","","","","","","","","","","","33.6162438226446","32.7133318667081","31.9656435969205","31.0188100850694","29.9780256354308","28.8760059447994","28.0229114656281","27.2471688743285","26.0704636232314","25.2898555035598","24.6920705593258","24.7865951382091","23.8531269184077","23.0458429262688","22.3132408943718","22.198863361028","22.357581716726","22.5238422115294","23.498383532044","","",
"Croatia","HRV","Prevalence of undernourishment (% of population)","SN.ITK.DEFC.ZS","","","","","","","","","","","","","","","","","","","","","","","","","","","","","","","","","","","","","","","","","","6.8","4.6","3.7","3.1","2.5","2.5","2.5","2.5","2.5","2.5","2.5","2.5","2.5","2.5","2.5","2.5","2.5","2.5","2.5","","",
"Haiti","HTI","Prevalence of undernourishment (% of population)","SN.ITK.DEFC.ZS","","","","","","","","","","","","","","","","","","","","","","","","","","","","","","","","","","","","","","","","","","53.2","54.7","55.1","55.7","55","54.2","52.7","51.4","48.9","47.5","46.8","47.7","47.1","46.4","46.1","46.7","48","47.9","46.8","","",
"Hungary","HUN","Prevalence of undernourishment (% of population)","SN.ITK.DEFC.ZS","","","","","","","","","","","","","","","","","","","","","","","","","","","","","","","","","","","","","","","","","","2.5","2.5","2.5","2.5","2.5","2.5","2.5","2.5","2.5","2.5","2.5","2.5","2.5","2.5","2.5","2.5","2.5","2.5","2.5","","",
"IBRD only","IBD","Prevalence of undernourishment (% of population)","SN.ITK.DEFC.ZS","","","","","","","","","","","","","","","","","","","","","","","","","","","","","","","","","","","","","","","","","","12.6839006715488","12.8223098799172","12.8487288621986","12.6518906415316","12.1361342924872","11.1727447563653","10.1172517142439","9.42592752326114","8.79083725752617","8.42986291044624","8.10716033810164","7.8138226874565","7.67888477099229","7.55473046470343","7.48473872029469","7.39447173699689","7.29679592088848","7.3602879552239","7.87526894777199","","",
"IDA & IBRD total","IBT","Prevalence of undernourishment (% of population)","SN.ITK.DEFC.ZS","","","","","","","","","","","","","","","","","","","","","","","","","","","","","","","","","","","","","","","","","","15.2070127494447","15.2455767483271","15.1588671652096","14.7903399702741","14.1763945207706","13.2160973892189","12.2700736341654","11.6349150563037","11.0176649838537","10.6869866465733","10.3955564101213","10.2409330272607","10.0106408709123","9.80495410104104","9.67591575439956","9.61399983603206","9.57842975019729","9.64071612070298","10.292029620316","","",
"IDA total","IDA","Prevalence of undernourishment (% of population)","SN.ITK.DEFC.ZS","","","","","","","","","","","","","","","","","","","","","","","","","","","","","","","","","","","","","","","","","","25.4195346984016","24.9277918018958","24.27060653971","23.1171897359453","22.0206197433532","20.9735956231915","20.3403715297358","19.8122052339074","19.1578001779736","18.830972586691","18.5473384223387","18.7821489934398","18.1160665496997","17.5294253612801","17.1018538381953","17.0390431666902","17.1126676576595","17.0696559528767","18.0557434154608","","",
"IDA blend","IDB","Prevalence of undernourishment (% of population)","SN.ITK.DEFC.ZS","","","","","","","","","","","","","","","","","","","","","","","","","","","","","","","","","","","","","","","","","","17.8283091205807","18.2300792265824","17.8207410219668","16.3484191829723","14.9393368252563","13.8843551444962","13.5172422356333","13.4877183095016","13.1640466645718","13.0561363726078","12.8423830291493","13.1437887367915","12.6171806449568","12.1387408916631","11.7598956006241","11.8476903719618","12.0983305641372","12.3773300713358","14.1139420338623","","",
"Indonesia","IDN","Prevalence of undernourishment (% of population)","SN.ITK.DEFC.ZS","","","","","","","","","","","","","","","","","","","","","","","","","","","","","","","","","","","","","","","","","","19.2","19.1","18.9","19.1","19.2","19","18.5","17.4","15.5","13","10.7","9.4","8.3","7.7","7","6.8","6.4","6.4","6.5","","",
"IDA only","IDX","Prevalence of undernourishment (% of population)","SN.ITK.DEFC.ZS","","","","","","","","","","","","","","","","","","","","","","","","","","","","","","","","","","","","","","","","","","29.666710058838","28.6750206840508","27.8788822121793","26.9050227618532","25.9871824635729","24.9514404892918","24.178032432991","23.3792215370079","22.5474079018074","22.106905795994","21.7921204038041","21.9938662722528","21.2523969470073","20.6078418487867","20.1560984752897","20.010551643862","19.9857790111694","19.7607865264057","20.3184238162599","","",
"Isle of Man","IMN","Prevalence of undernourishment (% of population)","SN.ITK.DEFC.ZS","","","","","","","","","","","","","","","","","","","","","","","","","","","","","","","","","","","","","","","","","","","","","","","","","","","","","","","","","","","","","","",
"India","IND","Prevalence of undernourishment (% of population)","SN.ITK.DEFC.ZS","","","","","","","","","","","","","","","","","","","","","","","","","","","","","","","","","","","","","","","","","","18.4","20.1","21.5","22.1","21.6","19.6","17.5","16.6","16.3","16","15.6","15","15.1","14.9","14.7","14.2","13.8","14","15.3","","",
"Not classified","INX","Prevalence of undernourishment (% of population)","SN.ITK.DEFC.ZS","","","","","","","","","","","","","","","","","","","","","","","","","","","","","","","","","","","","","","","","","","","","","","","","","","","","","","","","","","","","","","",
"Ireland","IRL","Prevalence of undernourishment (% of population)","SN.ITK.DEFC.ZS","","","","","","","","","","","","","","","","","","","","","","","","","","","","","","","","","","","","","","","","","","2.5","2.5","2.5","2.5","2.5","2.5","2.5","2.5","2.5","2.5","2.5","2.5","2.5","2.5","2.5","2.5","2.5","2.5","2.5","","",
"Iran, Islamic Rep.","IRN","Prevalence of undernourishment (% of population)","SN.ITK.DEFC.ZS","","","","","","","","","","","","","","","","","","","","","","","","","","","","","","","","","","","","","","","","","","4.8","5","5","4.9","5.2","5.5","5.7","5.4","5.5","6","6.3","6.2","5.3","4.9","4.7","4.9","5.2","5.4","5.5","","",
"Iraq","IRQ","Prevalence of undernourishment (% of population)","SN.ITK.DEFC.ZS","","","","","","","","","","","","","","","","","","","","","","","","","","","","","","","","","","","","","","","","","","22.4","22.7","23.1","23.8","23.8","25.1","25.7","24.9","27.9","31.6","36.7","37.1","36.7","36.8","37.8","38.4","37.9","37.4","37.5","","",
"Iceland","ISL","Prevalence of undernourishment (% of population)","SN.ITK.DEFC.ZS","","","","","","","","","","","","","","","","","","","","","","","","","","","","","","","","","","","","","","","","","","2.5","2.5","2.5","2.5","2.5","2.5","2.5","2.5","2.5","2.5","2.5","2.5","2.5","2.5","2.5","2.5","2.5","2.5","2.5","","",
"Israel","ISR","Prevalence of undernourishment (% of population)","SN.ITK.DEFC.ZS","","","","","","","","","","","","","","","","","","","","","","","","","","","","","","","","","","","","","","","","","","2.5","2.5","2.5","2.5","2.5","2.5","2.5","2.5","2.5","2.5","2.5","2.5","2.5","2.5","2.5","2.5","2.5","2.5","2.5","","",
"Italy","ITA","Prevalence of undernourishment (% of population)","SN.ITK.DEFC.ZS","","","","","","","","","","","","","","","","","","","","","","","","","","","","","","","","","","","","","","","","","","2.5","2.5","2.5","2.5","2.5","2.5","2.5","2.5","2.5","2.5","2.5","2.5","2.5","2.5","2.5","2.5","2.5","2.5","2.5","","",
"Jamaica","JAM","Prevalence of undernourishment (% of population)","SN.ITK.DEFC.ZS","","","","","","","","","","","","","","","","","","","","","","","","","","","","","","","","","","","","","","","","","","7.4","6.9","7","7.1","7.4","7.7","8.3","9","9.5","9.6","9.8","10.1","10.1","9.7","9.6","9.3","8.8","7.7","7.7","","",
"Jordan","JOR","Prevalence of undernourishment (% of population)","SN.ITK.DEFC.ZS","","","","","","","","","","","","","","","","","","","","","","","","","","","","","","","","","","","","","","","","","","9.7","7.7","6.3","5.7","5.5","5.7","6.1","6.5","6.9","7.1","7.5","8.5","7.9","7.2","6.3","7.1","7.7","8.2","9.5","","",
"Japan","JPN","Prevalence of undernourishment (% of population)","SN.ITK.DEFC.ZS","","","","","","","","","","","","","","","","","","","","","","","","","","","","","","","","","","","","","","","","","","2.5","2.5","2.5","2.5","2.5","2.5","2.5","2.5","2.6","2.7","2.5","2.5","2.5","2.5","2.5","2.5","2.5","2.5","2.5","","",
"Kazakhstan","KAZ","Prevalence of undernourishment (% of population)","SN.ITK.DEFC.ZS","","","","","","","","","","","","","","","","","","","","","","","","","","","","","","","","","","","","","","","","","","6.5","6.6","7.1","7.5","7.3","6.3","5.1","4.3","3.9","3.5","3.2","2.8","2.6","2.5","2.5","2.5","2.6","2.5","2.5","","",
"Kenya","KEN","Prevalence of undernourishment (% of population)","SN.ITK.DEFC.ZS","","","","","","","","","","","","","","","","","","","","","","","","","","","","","","","","","","","","","","","","","","32.2","33.6","34.9","32.1","28.5","26.1","26.9","26.6","24.1","24.2","23.9","24.9","22.1","20.9","21.5","23.2","24.6","24.4","24.8","","",
"Kyrgyz Republic","KGZ","Prevalence of undernourishment (% of population)","SN.ITK.DEFC.ZS","","","","","","","","","","","","","","","","","","","","","","","","","","","","","","","","","","","","","","","","","","15.1","13.2","11","9","9","9.7","10.4","9.8","9","8.3","8.1","8.1","7.9","7.6","8","7.9","7.7","7.2","7.2","","",
"Cambodia","KHM","Prevalence of undernourishment (% of population)","SN.ITK.DEFC.ZS","","","","","","","","","","","","","","","","","","","","","","","","","","","","","","","","","","","","","","","","","","23.6","21.2","19.4","18.5","17","15.6","14.8","14.5","13.9","13.3","12.7","12","10.8","9.6","8.9","8.5","7.7","6.8","6.2","","",
"Kiribati","KIR","Prevalence of undernourishment (% of population)","SN.ITK.DEFC.ZS","","","","","","","","","","","","","","","","","","","","","","","","","","","","","","","","","","","","","","","","","","4.4","4.6","5","5.1","5.3","5.5","6","6.2","6","5.6","5.2","5","4.3","3.8","3.2","3.3","3.5","3.8","4.1","","",
"St. Kitts and Nevis","KNA","Prevalence of undernourishment (% of population)","SN.ITK.DEFC.ZS","","","","","","","","","","","","","","","","","","","","","","","","","","","","","","","","","","","","","","","","","","","","","","","","","","","","","","","","","","","","","","",
"Korea, Rep.","KOR","Prevalence of undernourishment (% of population)","SN.ITK.DEFC.ZS","","","","","","","","","","","","","","","","","","","","","","","","","","","","","","","","","","","","","","","","","","2.5","2.6","2.6","2.6","2.5","2.5","2.5","2.5","2.5","2.5","2.5","2.5","2.5","2.5","2.5","2.5","2.5","2.5","2.5","","",
"Kuwait","KWT","Prevalence of undernourishment (% of population)","SN.ITK.DEFC.ZS","","","","","","","","","","","","","","","","","","","","","","","","","","","","","","","","","","","","","","","","","","2.6","2.5","2.5","2.5","2.5","2.5","2.5","2.5","2.5","2.5","2.5","2.5","2.5","2.5","2.5","2.5","2.5","2.5","2.5","","",
"Latin America & Caribbean (excluding high income)","LAC","Prevalence of undernourishment (% of population)","SN.ITK.DEFC.ZS","","","","","","","","","","","","","","","","","","","","","","","","","","","","","","","","","","","","","","","","","","10.9097854450803","10.6224188452771","10.3942213641864","10.0273844700788","9.64330082340185","9.14293296672653","8.69817074220218","8.46582482496612","7.95907644504392","7.54676927259868","6.92200407614453","6.55339243866333","6.09306768158884","5.90238995410983","5.92737250681107","6.13475364024731","6.3123660481188","6.46436003689407","6.9440541348197","","",
"Lao PDR","LAO","Prevalence of undernourishment (% of population)","SN.ITK.DEFC.ZS","","","","","","","","","","","","","","","","","","","","","","","","","","","","","","","","","","","","","","","","","","31.2","29.5","26.9","24.1","22.4","20.6","20.1","18.3","17.7","16","15.9","14.5","12.2","9","6.7","5.9","5.6","5.4","5.3","","",
"Lebanon","LBN","Prevalence of undernourishment (% of population)","SN.ITK.DEFC.ZS","","","","","","","","","","","","","","","","","","","","","","","","","","","","","","","","","","","","","","","","","","7.8","8.6","9.6","10.7","10.9","10.5","9.9","9.4","9.6","10.2","12.1","14.9","12.6","9.6","5.9","6.2","6.7","7.2","9.3","","",
"Liberia","LBR","Prevalence of undernourishment (% of population)","SN.ITK.DEFC.ZS","","","","","","","","","","","","","","","","","","","","","","","","","","","","","","","","","","","","","","","","","","36.6","38.1","37.6","36.5","35.8","35.3","34.4","32.9","32.9","34.6","35.2","36.3","36","37.2","36.4","36.4","36.6","37.5","38.9","","",
"Libya","LBY","Prevalence of undernourishment (% of population)","SN.ITK.DEFC.ZS","","","","","","","","","","","","","","","","","","","","","","","","","","","","","","","","","","","","","","","","","","","","","","","","","","","","","","","","","","","","","","",
"St. Lucia","LCA","Prevalence of undernourishment (% of population)","SN.ITK.DEFC.ZS","","","","","","","","","","","","","","","","","","","","","","","","","","","","","","","","","","","","","","","","","","","","","","","","","","","","","","","","","","","","","","",
"Latin America & Caribbean","LCN","Prevalence of undernourishment (% of population)","SN.ITK.DEFC.ZS","","","","","","","","","","","","","","","","","","","","","","","","","","","","","","","","","","","","","","","","","","10.8240370722817","10.5675992334916","10.3404276048432","9.78885600047443","9.35873999113563","8.83167938441856","8.31451153951224","8.00992031653514","7.53783690129097","7.15968123508505","6.58030544416825","6.26880234051449","5.84871536150991","5.75819278671809","6.08617548982394","6.51813997439942","6.93625838912263","7.10967194979151","7.72248100306171","","",
"Least developed countries: UN classification","LDC","Prevalence of undernourishment (% of population)","SN.ITK.DEFC.ZS","","","","","","","","","","","","","","","","","","","","","","","","","","","","","","","","","","","","","","","","","","31.7664965021654","30.6546292097733","29.7282321806911","28.6462771869005","27.6450873803462","26.5004154911969","25.6183363311386","24.7087084016395","23.6178758409807","22.9212761759536","22.4057405241235","22.5765211331666","21.7813530546962","21.1007708551537","20.6719713761781","20.5933711687338","20.6065597628299","20.3969383263623","21.0417416329803","","",
"Low income","LIC","Prevalence of undernourishment (% of population)","SN.ITK.DEFC.ZS","","","","","","","","","","","","","","","","","","","","","","","","","","","","","","","","","","","","","","","","","","36.8165180497905","35.7648267375988","34.8566383204317","33.7842750742194","32.9599871135786","32.0265657877047","31.2799097165888","30.5173029150621","29.2649734015614","28.8239273546961","28.535565170015","29.0272811475777","27.9834220419538","27.3153882957249","26.8180562268457","26.9886683890475","27.3561191110231","27.499292878797","28.6550273870175","","",
"Liechtenstein","LIE","Prevalence of undernourishment (% of population)","SN.ITK.DEFC.ZS","","","","","","","","","","","","","","","","","","","","","","","","","","","","","","","","","","","","","","","","","","","","","","","","","","","","","","","","","","","","","","",
"Sri Lanka","LKA","Prevalence of undernourishment (% of population)","SN.ITK.DEFC.ZS","","","","","","","","","","","","","","","","","","","","","","","","","","","","","","","","","","","","","","","","","","16.9","16.3","16.1","15.6","14.7","14.1","12.8","11.9","11.4","11.3","10.9","10.3","9.2","8.1","6.8","6.3","5.9","6","6.8","","",
"Lower middle income","LMC","Prevalence of undernourishment (% of population)","SN.ITK.DEFC.ZS","","","","","","","","","","","","","","","","","","","","","","","","","","","","","","","","","","","","","","","","","","18.0922083454234","18.6477836339716","18.9605399292035","18.8461205618905","18.2290941396489","16.971660334388","15.7487309946839","15.0569081553952","14.5547315212722","14.0515068779528","13.4901448152045","13.0827772899113","12.7900434978058","12.4232293697905","12.0877182860726","11.7571049843762","11.4786729360143","11.4632898903439","12.3047967414415","","",
"Low & middle income","LMY","Prevalence of undernourishment (% of population)","SN.ITK.DEFC.ZS","","","","","","","","","","","","","","","","","","","","","","","","","","","","","","","","","","","","","","","","","","15.4266346573647","15.4610330378269","15.3630073245536","15.01371915973","14.4061497881936","13.4520594067382","12.5157632870593","11.8888142282387","11.2720583357246","10.9415251063411","10.6480164953085","10.4860575997178","10.2446884257912","10.0242768879923","9.85919586877121","9.77353838293127","9.71648472052322","9.77283053768776","10.4099882178069","","",
"Lesotho","LSO","Prevalence of undernourishment (% of population)","SN.ITK.DEFC.ZS","","","","","","","","","","","","","","","","","","","","","","","","","","","","","","","","","","","","","","","","","","20","18.5","16.8","15.3","13.7","12.8","12.4","12.3","11.9","11.6","11.5","11.8","14.8","20.8","29.9","28.3","26","20.8","23.5","","",
"Late-demographic dividend","LTE","Prevalence of undernourishment (% of population)","SN.ITK.DEFC.ZS","","","","","","","","","","","","","","","","","","","","","","","","","","","","","","","","","","","","","","","","","","10.1276661607118","9.46446006354556","8.73365995028666","8.05938095406418","7.41606590616038","6.73308031708715","5.92872283615217","5.23244912022761","4.40158844781877","4.14464846881592","4.00615416855541","3.87284531743923","3.72057651420292","3.63087220621684","3.55901956845665","3.56123347225575","3.55812190672252","3.5558877597439","3.60963881213577","","",
"Lithuania","LTU","Prevalence of undernourishment (% of population)","SN.ITK.DEFC.ZS","","","","","","","","","","","","","","","","","","","","","","","","","","","","","","","","","","","","","","","","","","2.5","2.5","2.5","2.5","2.5","2.5","2.5","2.5","2.5","2.5","2.5","2.5","2.5","2.5","2.5","2.5","2.5","2.5","2.5","","",
"Luxembourg","LUX","Prevalence of undernourishment (% of population)","SN.ITK.DEFC.ZS","","","","","","","","","","","","","","","","","","","","","","","","","","","","","","","","","","","","","","","","","","2.5","2.5","2.5","2.5","2.5","2.5","2.5","2.5","2.5","2.5","2.5","2.5","2.5","2.5","2.5","2.5","2.5","2.5","2.5","","",
"Latvia","LVA","Prevalence of undernourishment (% of population)","SN.ITK.DEFC.ZS","","","","","","","","","","","","","","","","","","","","","","","","","","","","","","","","","","","","","","","","","","4.6","3.4","2.8","2.5","2.5","2.5","2.5","2.5","2.5","2.5","2.5","2.5","2.5","2.5","2.5","2.5","2.5","2.5","2.5","","",
"Macao SAR, China","MAC","Prevalence of undernourishment (% of population)","SN.ITK.DEFC.ZS","","","","","","","","","","","","","","","","","","","","","","","","","","","","","","","","","","","","","","","","","","21.2","20.6","19.1","17.3","16","15.2","14.9","14.5","14.2","13.8","13.3","13","10.1","7.6","5.1","5","4.8","4.5","4.3","","",
"St. Martin (French part)","MAF","Prevalence of undernourishment (% of population)","SN.ITK.DEFC.ZS","","","","","","","","","","","","","","","","","","","","","","","","","","","","","","","","","","","","","","","","","","","","","","","","","","","","","","","","","","","","","","",
"Morocco","MAR","Prevalence of undernourishment (% of population)","SN.ITK.DEFC.ZS","","","","","","","","","","","","","","","","","","","","","","","","","","","","","","","","","","","","","","","","","","6.3","5.9","5.6","5.5","5.5","5.6","5.5","5.6","5.6","5.5","5.3","4.9","4.4","4.1","3.8","3.8","3.7","3.7","4.2","","",
"Monaco","MCO","Prevalence of undernourishment (% of population)","SN.ITK.DEFC.ZS","","","","","","","","","","","","","","","","","","","","","","","","","","","","","","","","","","","","","","","","","","","","","","","","","","","","","","","","","","","","","","",
"Moldova","MDA","Prevalence of undernourishment (% of population)","SN.ITK.DEFC.ZS","","","","","","","","","","","","","","","","","","","","","","","","","","","","","","","","","","","","","","","","","","","","","","","","","","","","","","","","","","","","","","",
"Madagascar","MDG","Prevalence of undernourishment (% of population)","SN.ITK.DEFC.ZS","","","","","","","","","","","","","","","","","","","","","","","","","","","","","","","","","","","","","","","","","","33.8","35.2","36.5","35","33.4","31","30.5","30.4","30.3","29","28.3","29.7","33.1","37.6","40.2","41.6","42.3","42.6","43.2","","",
"Maldives","MDV","Prevalence of undernourishment (% of population)","SN.ITK.DEFC.ZS","","","","","","","","","","","","","","","","","","","","","","","","","","","","","","","","","","","","","","","","","","","","","","","","","","","","","","","","","","","","","","",
"Middle East & North Africa","MEA","Prevalence of undernourishment (% of population)","SN.ITK.DEFC.ZS","","","","","","","","","","","","","","","","","","","","","","","","","","","","","","","","","","","","","","","","","","8.34775847250928","8.41859806074","8.59632030393338","8.76591129715215","8.77664516362942","8.74895148337291","8.69596988769359","8.55223092426486","8.62163032829774","9.13974902397292","9.58746356061673","9.94492633642767","9.5723738777882","9.6156890463993","9.82381985046368","10.219297681117","10.3828491902129","10.3807808172101","10.6503528947622","","",
"Mexico","MEX","Prevalence of undernourishment (% of population)","SN.ITK.DEFC.ZS","","","","","","","","","","","","","","","","","","","","","","","","","","","","","","","","","","","","","","","","","","3.3","3.7","4.3","4.6","4.4","4.1","4.1","4.5","4.8","5","4.9","4.8","4.3","4.4","5","5.8","6.1","6.2","7.2","","",
"Marshall Islands","MHL","Prevalence of undernourishment (% of population)","SN.ITK.DEFC.ZS","","","","","","","","","","","","","","","","","","","","","","","","","","","","","","","","","","","","","","","","","","","","","","","","","","","","","","","","","","","","","","",
"Middle income","MIC","Prevalence of undernourishment (% of population)","SN.ITK.DEFC.ZS","","","","","","","","","","","","","","","","","","","","","","","","","","","","","","","","","","","","","","","","","","13.9514854492243","14.0382586924841","13.9746018210142","13.6550194290132","13.0417703787705","12.0649892759869","11.0931648889674","10.4552172976982","9.86635282001557","9.52280844380542","9.20673353140299","8.96889630210521","8.7705459326523","8.56489452468583","8.40561559772525","8.27534348369476","8.15813237662443","8.18270616900567","8.74772786962007","","",
"North Macedonia","MKD","Prevalence of undernourishment (% of population)","SN.ITK.DEFC.ZS","","","","","","","","","","","","","","","","","","","","","","","","","","","","","","","","","","","","","","","","","","7.5","7.5","5.8","5.5","5","4.4","3.6","2.9","3.1","3.4","3.6","3.7","3.6","3.5","3.3","3","2.7","2.5","2.7","","",
"Mali","MLI","Prevalence of undernourishment (% of population)","SN.ITK.DEFC.ZS","","","","","","","","","","","","","","","","","","","","","","","","","","","","","","","","","","","","","","","","","","16.2","15.2","15.1","14.4","13.3","11.9","10.4","9.4","7.5","6","4.8","4.7","4.8","4.9","5","5.3","6.3","7.7","10.4","","",
"Malta","MLT","Prevalence of undernourishment (% of population)","SN.ITK.DEFC.ZS","","","","","","","","","","","","","","","","","","","","","","","","","","","","","","","","","","","","","","","","","","2.5","2.5","2.5","2.5","2.5","2.5","2.5","2.5","2.5","2.5","2.5","2.5","2.5","2.5","2.5","2.5","2.5","2.5","2.5","","",
"Myanmar","MMR","Prevalence of undernourishment (% of population)","SN.ITK.DEFC.ZS","","","","","","","","","","","","","","","","","","","","","","","","","","","","","","","","","","","","","","","","","","37.6","34.8","32.4","30.2","27.8","24.8","21.2","18.4","15.1","13.1","11.4","11.2","10.5","9.7","8.9","8.4","8.1","7.8","7.6","","",
"Middle East & North Africa (excluding high income)","MNA","Prevalence of undernourishment (% of population)","SN.ITK.DEFC.ZS","","","","","","","","","","","","","","","","","","","","","","","","","","","","","","","","","","","","","","","","","","8.86020111370839","8.93334109929584","9.11534877871613","9.30548477195953","9.32777744683917","9.32018504131678","9.24133513578425","9.03750687870909","9.13149856890652","9.75838314833169","10.3652354664384","10.8339051508166","10.5052691947996","10.6040840429682","10.8984177544378","11.3544922960636","11.5392482484079","11.5265193802795","11.8240467421823","","",
"Montenegro","MNE","Prevalence of undernourishment (% of population)","SN.ITK.DEFC.ZS","","","","","","","","","","","","","","","","","","","","","","","","","","","","","","","","","","","","","","","","","","9.6","9.2","8.4","7.7","5.5","3.1","2.5","2.5","2.5","2.5","2.5","2.5","2.5","2.5","2.5","2.5","2.5","2.5","2.5","","",
"Mongolia","MNG","Prevalence of undernourishment (% of population)","SN.ITK.DEFC.ZS","","","","","","","","","","","","","","","","","","","","","","","","","","","","","","","","","","","","","","","","","","31.1","30.6","30.8","30.7","29.6","27.4","25.2","22.3","20.5","19.1","18.4","17.3","14.7","11.5","8.4","7.4","6.3","5.5","4.3","","",
"Northern Mariana Islands","MNP","Prevalence of undernourishment (% of population)","SN.ITK.DEFC.ZS","","","","","","","","","","","","","","","","","","","","","","","","","","","","","","","","","","","","","","","","","","","","","","","","","","","","","","","","","","","","","","",
"Mozambique","MOZ","Prevalence of undernourishment (% of population)","SN.ITK.DEFC.ZS","","","","","","","","","","","","","","","","","","","","","","","","","","","","","","","","","","","","","","","","","","36.5","35.2","34.1","34.1","33.3","32.4","29.9","28.6","25.8","24.1","21.8","21","22.4","25.7","29.7","31.5","31.4","31","31.2","","",
"Mauritania","MRT","Prevalence of undernourishment (% of population)","SN.ITK.DEFC.ZS","","","","","","","","","","","","","","","","","","","","","","","","","","","","","","","","","","","","","","","","","","8.3","7.9","8.3","8.5","9.4","8.8","8.1","7.3","7.2","7.3","7.1","7","7.3","7.7","8.3","8.5","8.6","8.7","9.1","","",
"Mauritius","MUS","Prevalence of undernourishment (% of population)","SN.ITK.DEFC.ZS","","","","","","","","","","","","","","","","","","","","","","","","","","","","","","","","","","","","","","","","","","5.7","5.6","5.4","5.2","5.1","5","5.2","5","4.8","4.7","5.3","5.6","5.6","5.3","5.6","5.7","5.9","5.7","6.2","","",
"Malawi","MWI","Prevalence of undernourishment (% of population)","SN.ITK.DEFC.ZS","","","","","","","","","","","","","","","","","","","","","","","","","","","","","","","","","","","","","","","","","","23.6","23.8","24.6","24","22.5","20.8","19.3","19","17.5","16.4","15.2","15.9","16.2","16.1","16","16.1","16.5","16.8","17.3","","",
"Malaysia","MYS","Prevalence of undernourishment (% of population)","SN.ITK.DEFC.ZS","","","","","","","","","","","","","","","","","","","","","","","","","","","","","","","","","","","","","","","","","","2.5","2.8","2.9","3.1","3.2","3.4","3.6","3.6","3.5","3.2","3","2.8","3.2","3.4","3.8","3.5","3.4","3.2","3.2","","",
"North America","NAC","Prevalence of undernourishment (% of population)","SN.ITK.DEFC.ZS","","","","","","","","","","","","","","","","","","","","","","","","","","","","","","","","","","","","","","","","","","2.5","2.5","2.5","2.5","2.5","2.5","2.5","2.5","2.5","2.5","2.5","2.5","2.5","2.5","2.5","2.5","2.5","2.5","2.5","","",
"Namibia","NAM","Prevalence of undernourishment (% of population)","SN.ITK.DEFC.ZS","","","","","","","","","","","","","","","","","","","","","","","","","","","","","","","","","","","","","","","","","","13.5","14.5","15.7","16.6","18.2","20.1","23.5","27.6","31.5","32.7","31.5","29.6","26.5","23.6","21","20.2","20","19.9","19.8","","",
"New Caledonia","NCL","Prevalence of undernourishment (% of population)","SN.ITK.DEFC.ZS","","","","","","","","","","","","","","","","","","","","","","","","","","","","","","","","","","","","","","","","","","8.4","8.7","9.1","9.5","9.6","9.5","9.4","9.1","8.9","8.5","8.2","8.1","7.4","6.8","6.2","6.5","6.8","7","6.9","","",
"Niger","NER","Prevalence of undernourishment (% of population)","SN.ITK.DEFC.ZS","","","","","","","","","","","","","","","","","","","","","","","","","","","","","","","","","","","","","","","","","","","","","","","","","","","","","","","","","","","","","","",
"Nigeria","NGA","Prevalence of undernourishment (% of population)","SN.ITK.DEFC.ZS","","","","","","","","","","","","","","","","","","","","","","","","","","","","","","","","","","","","","","","","","","8.9","8.9","8.6","7.9","7.1","6.7","6.6","6.8","7.3","7.8","8.1","8.8","9","9.3","9.2","9.4","10","10.7","14.6","","",
"Nicaragua","NIC","Prevalence of undernourishment (% of population)","SN.ITK.DEFC.ZS","","","","","","","","","","","","","","","","","","","","","","","","","","","","","","","","","","","","","","","","","","27.5","25.2","25","24","23.3","22.2","21.6","21.2","20.9","20.1","19.2","17.8","18.1","18.7","19","18","17.6","18.2","19.3","","",
"Netherlands","NLD","Prevalence of undernourishment (% of population)","SN.ITK.DEFC.ZS","","","","","","","","","","","","","","","","","","","","","","","","","","","","","","","","","","","","","","","","","","2.5","2.5","2.5","2.5","2.5","2.5","2.5","2.5","2.5","2.5","2.5","2.5","2.5","2.5","2.5","2.5","2.5","2.5","2.5","","",
"Norway","NOR","Prevalence of undernourishment (% of population)","SN.ITK.DEFC.ZS","","","","","","","","","","","","","","","","","","","","","","","","","","","","","","","","","","","","","","","","","","2.5","2.5","2.5","2.5","2.5","2.5","2.5","2.5","2.5","2.5","2.5","2.5","2.5","2.5","2.5","2.5","2.5","2.5","2.5","","",
"Nepal","NPL","Prevalence of undernourishment (% of population)","SN.ITK.DEFC.ZS","","","","","","","","","","","","","","","","","","","","","","","","","","","","","","","","","","","","","","","","","","23.5","21.7","19.8","17.6","16.8","15.9","14.9","13","11.6","10.5","9.2","8.1","7","6.4","5.3","4.5","4.2","4.3","4.8","","",
"Nauru","NRU","Prevalence of undernourishment (% of population)","SN.ITK.DEFC.ZS","","","","","","","","","","","","","","","","","","","","","","","","","","","","","","","","","","","","","","","","","","","","","","","","","","","","","","","","","","","","","","",
"New Zealand","NZL","Prevalence of undernourishment (% of population)","SN.ITK.DEFC.ZS","","","","","","","","","","","","","","","","","","","","","","","","","","","","","","","","","","","","","","","","","","2.5","2.5","2.5","2.5","2.5","2.5","2.5","2.5","2.5","2.5","2.5","2.5","2.5","2.5","2.5","2.5","2.5","2.5","2.5","","",
"OECD members","OED","Prevalence of undernourishment (% of population)","SN.ITK.DEFC.ZS","","","","","","","","","","","","","","","","","","","","","","","","","","","","","","","","","","","","","","","","","","2.8128348569266","2.86193621358759","2.93661109753988","2.98925972495934","2.98675972469288","2.96938182535162","2.95679696157089","3.00628384606232","3.07569538983811","3.13486650270837","3.07165631575887","2.99207503809623","2.88055408307763","2.86191306276883","2.89759558925837","2.9824492256701","3.01647579625956","3.05644770808298","3.19236237287671","","",
"Oman","OMN","Prevalence of undernourishment (% of population)","SN.ITK.DEFC.ZS","","","","","","","","","","","","","","","","","","","","","","","","","","","","","","","","","","","","","","","","","","12.3","11.3","11","10.1","9.6","9.6","9.7","9.7","9.4","9.1","8.4","7.3","6.8","7","8.1","8.4","8.4","8.1","8.2","","",
"Other small states","OSS","Prevalence of undernourishment (% of population)","SN.ITK.DEFC.ZS","","","","","","","","","","","","","","","","","","","","","","","","","","","","","","","","","","","","","","","","","","15.4129638839345","15.2891239548266","15.0033039716398","14.7443209301098","14.8033853103157","14.937637590029","15.3899032772089","15.7875178470498","16.5092240005383","16.7360023052175","16.5279756621112","16.1569950601077","15.3446251208407","15.0142151142503","15.2560708783874","15.2697715760361","15.2304758869815","14.7474018259992","15.0541672699497","","",
"Pakistan","PAK","Prevalence of undernourishment (% of population)","SN.ITK.DEFC.ZS","","","","","","","","","","","","","","","","","","","","","","","","","","","","","","","","","","","","","","","","","","21.1","21.8","21","19","17.6","16.4","15.8","15.8","15.9","15.9","15.9","15.9","15.1","13.9","12.8","12.4","12.1","12.2","12.9","","",
"Panama","PAN","Prevalence of undernourishment (% of population)","SN.ITK.DEFC.ZS","","","","","","","","","","","","","","","","","","","","","","","","","","","","","","","","","","","","","","","","","","24.5","20.5","21","21.3","21.6","18.5","16.2","14.1","12.9","11.8","10.2","9.1","8.5","8.3","8.1","7.8","7.5","7.4","7.5","","",
"Peru","PER","Prevalence of undernourishment (% of population)","SN.ITK.DEFC.ZS","","","","","","","","","","","","","","","","","","","","","","","","","","","","","","","","","","","","","","","","","","21.5","22.9","23.1","21.7","18.8","15.7","13.7","11.6","9.8","8.8","7.7","6.7","5.6","5.4","5.9","6.9","7.6","7.9","8.7","","",
"Philippines","PHL","Prevalence of undernourishment (% of population)","SN.ITK.DEFC.ZS","","","","","","","","","","","","","","","","","","","","","","","","","","","","","","","","","","","","","","","","","","18.7","18.4","17.1","16.2","14.9","14","13.1","12.6","12.8","13.4","13.7","13.7","13.8","13.8","13.3","12.1","10.9","9.7","9.4","","",
"Palau","PLW","Prevalence of undernourishment (% of population)","SN.ITK.DEFC.ZS","","","","","","","","","","","","","","","","","","","","","","","","","","","","","","","","","","","","","","","","","","","","","","","","","","","","","","","","","","","","","","",
"Papua New Guinea","PNG","Prevalence of undernourishment (% of population)","SN.ITK.DEFC.ZS","","","","","","","","","","","","","","","","","","","","","","","","","","","","","","","","","","","","","","","","","","26.3","27","27.7","28.6","27.4","27.3","26.6","27","24.7","22.7","21.1","21.3","22.8","23.8","25","25.2","25.1","24.9","24.6","","",
"Poland","POL","Prevalence of undernourishment (% of population)","SN.ITK.DEFC.ZS","","","","","","","","","","","","","","","","","","","","","","","","","","","","","","","","","","","","","","","","","","2.5","2.5","2.5","2.5","2.5","2.5","2.5","2.5","2.5","2.5","2.5","2.5","2.5","2.5","2.5","2.5","2.5","2.5","2.5","","",
"Pre-demographic dividend","PRE","Prevalence of undernourishment (% of population)","SN.ITK.DEFC.ZS","","","","","","","","","","","","","","","","","","","","","","","","","","","","","","","","","","","","","","","","","","26.7151079696069","26.4435580416933","25.9415183286496","25.191986542349","24.1321286306387","23.2396040601383","22.6772066989338","22.2227517781333","21.6664233360387","21.3666891547467","21.165680005151","21.5656194867633","21.0600892747126","20.9010141913323","20.7793771093521","21.0840361504719","21.427764190206","21.6726976111554","23.2979883177067","","",
"Puerto Rico","PRI","Prevalence of undernourishment (% of population)","SN.ITK.DEFC.ZS","","","","","","","","","","","","","","","","","","","","","","","","","","","","","","","","","","","","","","","","","","","","","","","","","","","","","","","","","","","","","","",
"Korea, Dem. People's Rep.","PRK","Prevalence of undernourishment (% of population)","SN.ITK.DEFC.ZS","","","","","","","","","","","","","","","","","","","","","","","","","","","","","","","","","","","","","","","","","","35.7","34.8","32.3","32.6","33.8","36.1","38.2","39.7","41.4","42.6","43","42.7","41.1","40.6","40.3","41.2","42.9","42.6","42.4","","",
"Portugal","PRT","Prevalence of undernourishment (% of population)","SN.ITK.DEFC.ZS","","","","","","","","","","","","","","","","","","","","","","","","","","","","","","","","","","","","","","","","","","2.5","2.5","2.5","2.5","2.5","2.5","2.5","2.5","2.5","2.5","2.5","2.5","2.5","2.5","2.5","2.5","2.5","2.5","2.5","","",
"Paraguay","PRY","Prevalence of undernourishment (% of population)","SN.ITK.DEFC.ZS","","","","","","","","","","","","","","","","","","","","","","","","","","","","","","","","","","","","","","","","","","10.5","9.3","8.8","9.1","9.5","9.7","9.4","9.6","9.2","8.4","7.8","7.7","7.7","7.4","7.4","7.7","7.8","7.9","9.2","","",
"West Bank and Gaza","PSE","Prevalence of undernourishment (% of population)","SN.ITK.DEFC.ZS","","","","","","","","","","","","","","","","","","","","","","","","","","","","","","","","","","","","","","","","","","","","","","","","","","","","","","","","","","","","","","",
"Pacific island small states","PSS","Prevalence of undernourishment (% of population)","SN.ITK.DEFC.ZS","","","","","","","","","","","","","","","","","","","","","","","","","","","","","","","","","","","","","","","","","","6.68472776767898","6.55497249955512","6.48914107181601","6.46374286921071","6.3923955648739","6.47698400210392","6.43197062131302","6.68851126302378","6.64676555536276","6.87542366634305","7.22840927192261","7.73628191877865","8.72453489090021","9.29289744881306","9.80730522192319","9.82497772283305","9.8556483281954","9.50288670059799","9.29631109674161","","",
"Post-demographic dividend","PST","Prevalence of undernourishment (% of population)","SN.ITK.DEFC.ZS","","","","","","","","","","","","","","","","","","","","","","","","","","","","","","","","","","","","","","","","","","2.56533009281939","2.53908204843838","2.54120955396845","2.54021285358969","2.52485072095279","2.52559340051224","2.52172336478616","2.52061388232049","2.53100119801531","2.5426819187842","2.51845920424782","2.51620182734834","2.51060149785922","2.50920001666341","2.50782466962769","2.50901998767238","2.50562852612545","2.50349464361424","2.50460708027416","","",
"French Polynesia","PYF","Prevalence of undernourishment (% of population)","SN.ITK.DEFC.ZS","","","","","","","","","","","","","","","","","","","","","","","","","","","","","","","","","","","","","","","","","","4.2","4.1","3.9","3.9","3.8","3.8","3.8","3.7","3.6","3.5","3.2","3.1","3.2","3.3","3.6","3.8","4","3.9","3.8","","",
"Qatar","QAT","Prevalence of undernourishment (% of population)","SN.ITK.DEFC.ZS","","","","","","","","","","","","","","","","","","","","","","","","","","","","","","","","","","","","","","","","","","","","","","","","","","","","","","","","","","","","","","",
"Romania","ROU","Prevalence of undernourishment (% of population)","SN.ITK.DEFC.ZS","","","","","","","","","","","","","","","","","","","","","","","","","","","","","","","","","","","","","","","","","","2.5","2.5","2.5","2.5","2.5","2.5","2.5","2.5","2.5","2.5","2.5","2.5","2.5","2.5","2.5","2.5","2.5","2.5","2.5","","",
"Russian Federation","RUS","Prevalence of undernourishment (% of population)","SN.ITK.DEFC.ZS","","","","","","","","","","","","","","","","","","","","","","","","","","","","","","","","","","","","","","","","","","4","3.3","2.8","2.5","2.5","2.5","2.5","2.5","2.5","2.5","2.5","2.5","2.5","2.5","2.5","2.5","2.5","2.5","2.5","","",
"Rwanda","RWA","Prevalence of undernourishment (% of population)","SN.ITK.DEFC.ZS","","","","","","","","","","","","","","","","","","","","","","","","","","","","","","","","","","","","","","","","","","38.5","35.2","34.6","35.9","35.3","33.7","32.3","29.5","29.8","31.3","34.1","34.3","34.7","35.1","35.3","34.8","34.5","34.3","35.2","","",
"South Asia","SAS","Prevalence of undernourishment (% of population)","SN.ITK.DEFC.ZS","","","","","","","","","","","","","","","","","","","","","","","","","","","","","","","","","","","","","","","","","","18.9649759949136","20.1938366163778","21.0500091109142","21.1704059497622","20.5745485313124","18.8319220756087","17.0996390794701","16.2947160217943","16.115029260947","15.9053103529247","15.6452050266038","15.2217717997409","15.1128718943692","14.6896816747126","14.3145354008128","13.8284633716185","13.4306242962085","13.4513032125276","14.467775076309","","",
"Saudi Arabia","SAU","Prevalence of undernourishment (% of population)","SN.ITK.DEFC.ZS","","","","","","","","","","","","","","","","","","","","","","","","","","","","","","","","","","","","","","","","","","4.9","5","5.1","5","4.8","4.5","4.8","5.5","5.7","5.9","5.4","5.4","4.6","4.3","3.7","3.7","3.7","3.8","3.9","","",
"Sudan","SDN","Prevalence of undernourishment (% of population)","SN.ITK.DEFC.ZS","","","","","","","","","","","","","","","","","","","","","","","","","","","","","","","","","","","","","","","","","","21.5","20.3","20","19.7","18.9","17.6","16.7","16.3","16.5","16.5","15.4","13.4","11.6","11","11.2","11.8","11.8","12","12.3","","",
"Senegal","SEN","Prevalence of undernourishment (% of population)","SN.ITK.DEFC.ZS","","","","","","","","","","","","","","","","","","","","","","","","","","","","","","","","","","","","","","","","","","24","22.7","21","19","17.2","15.5","12.7","10.9","10.3","11.1","11.4","12","11.5","11.2","9.8","8.9","7.9","7.4","7.5","","",
"Singapore","SGP","Prevalence of undernourishment (% of population)","SN.ITK.DEFC.ZS","","","","","","","","","","","","","","","","","","","","","","","","","","","","","","","","","","","","","","","","","","","","","","","","","","","","","","","","","","","","","","",
"Solomon Islands","SLB","Prevalence of undernourishment (% of population)","SN.ITK.DEFC.ZS","","","","","","","","","","","","","","","","","","","","","","","","","","","","","","","","","","","","","","","","","","13.3","13.1","12.6","12.7","12.5","12.8","12.6","13.2","13","13.5","14.9","17.1","18.8","19.1","18.4","18","17.6","17","16.5","","",
"Sierra Leone","SLE","Prevalence of undernourishment (% of population)","SN.ITK.DEFC.ZS","","","","","","","","","","","","","","","","","","","","","","","","","","","","","","","","","","","","","","","","","","50.7","49.8","49.4","48.8","46.7","43.7","41.7","40.3","34.5","28.8","24","24.3","25.3","25","25.8","25.4","26.2","25.7","26.2","","",
"El Salvador","SLV","Prevalence of undernourishment (% of population)","SN.ITK.DEFC.ZS","","","","","","","","","","","","","","","","","","","","","","","","","","","","","","","","","","","","","","","","","","7.2","7.1","7.9","8.7","9.1","9.4","9.7","9.9","10.5","10.9","11.1","10.5","10.5","10.6","10.6","9.9","9.1","8.6","8.5","","",
"San Marino","SMR","Prevalence of undernourishment (% of population)","SN.ITK.DEFC.ZS","","","","","","","","","","","","","","","","","","","","","","","","","","","","","","","","","","","","","","","","","","","","","","","","","","","","","","","","","","","","","","",
"Somalia","SOM","Prevalence of undernourishment (% of population)","SN.ITK.DEFC.ZS","","","","","","","","","","","","","","","","","","","","","","","","","","","","","","","","","","","","","","","","","","57.9","57.9","58","58.1","58.2","58.2","58.2","58.2","67.1","75.6","81.7","79.7","71.3","65.7","60.3","57.8","58.7","57.4","59.5","","",
"Serbia","SRB","Prevalence of undernourishment (% of population)","SN.ITK.DEFC.ZS","","","","","","","","","","","","","","","","","","","","","","","","","","","","","","","","","","","","","","","","","","3.1","3","2.7","2.5","2.5","2.5","2.5","2.5","2.5","2.5","2.6","2.7","3.2","3.7","4.1","4.2","4","3.8","3.9","","",
"Sub-Saharan Africa (excluding high income)","SSA","Prevalence of undernourishment (% of population)","SN.ITK.DEFC.ZS","","","","","","","","","","","","","","","","","","","","","","","","","","","","","","","","","","","","","","","","","","26.2642548512734","25.7078344306537","25.2539849743296","24.2956848767988","23.2535646049931","22.3946942630262","21.9604548350671","21.5299554990954","20.5861099637158","20.0168953319161","19.4844976699611","19.6247912397953","18.9029463695857","18.4392255501534","18.1143482090553","18.2180127895945","18.5201176865709","18.7601550014816","20.3410765707326","","",
"South Sudan","SSD","Prevalence of undernourishment (% of population)","SN.ITK.DEFC.ZS","","","","","","","","","","","","","","","","","","","","","","","","","","","","","","","","","","","","","","","","","","","","","","","","","","","","","","","","","","","","","","",
"Sub-Saharan Africa","SSF","Prevalence of undernourishment (% of population)","SN.ITK.DEFC.ZS","","","","","","","","","","","","","","","","","","","","","","","","","","","","","","","","","","","","","","","","","","26.2642548512734","25.7078344306537","25.2539849743296","24.2956848767988","23.2535646049931","22.3946942630262","21.9604548350671","21.5299554990954","20.5861099637158","20.0168953319161","19.4844976699611","19.6247912397953","18.9029463695857","18.4392255501534","18.1143482090553","18.2180127895945","18.5201176865709","18.7601550014816","20.3410765707326","","",
"Small states","SST","Prevalence of undernourishment (% of population)","SN.ITK.DEFC.ZS","","","","","","","","","","","","","","","","","","","","","","","","","","","","","","","","","","","","","","","","","","13.0342154431496","12.9005137080776","12.7434514247374","12.584145715319","12.6313350261981","12.7092535762574","13.0792192740648","13.4329473921841","13.9779047422559","14.1327425112114","13.9871589735875","13.749386347067","13.2259920194683","12.9967542868048","13.2369672313758","13.2207091176381","13.1472710062888","12.6615514673945","12.869543462769","","",
"Sao Tome and Principe","STP","Prevalence of undernourishment (% of population)","SN.ITK.DEFC.ZS","","","","","","","","","","","","","","","","","","","","","","","","","","","","","","","","","","","","","","","","","","14.7","12.8","11.2","9.8","9","9","9.8","11.1","12.6","14.1","14.9","13.9","13.1","12.7","12.8","12.6","11.8","11.8","11.9","","",
"Suriname","SUR","Prevalence of undernourishment (% of population)","SN.ITK.DEFC.ZS","","","","","","","","","","","","","","","","","","","","","","","","","","","","","","","","","","","","","","","","","","11.8","11.5","10.9","10.3","9.7","8.8","8.8","8.3","7.6","7.3","7.6","8.2","7.7","7.6","7.7","8.2","8.4","8.5","8.7","","",
"Slovak Republic","SVK","Prevalence of undernourishment (% of population)","SN.ITK.DEFC.ZS","","","","","","","","","","","","","","","","","","","","","","","","","","","","","","","","","","","","","","","","","","6.1","6.2","6","5.8","5.5","5.6","5.4","4.9","4","3.5","3.4","3.4","4","5.3","5.9","5.6","4.5","4.1","4","","",
"Slovenia","SVN","Prevalence of undernourishment (% of population)","SN.ITK.DEFC.ZS","","","","","","","","","","","","","","","","","","","","","","","","","","","","","","","","","","","","","","","","","","2.5","2.5","2.5","2.5","2.5","2.5","2.5","2.5","2.5","2.5","2.5","2.5","2.5","2.5","2.5","2.5","2.5","2.5","2.5","","",
"Sweden","SWE","Prevalence of undernourishment (% of population)","SN.ITK.DEFC.ZS","","","","","","","","","","","","","","","","","","","","","","","","","","","","","","","","","","","","","","","","","","2.5","2.5","2.5","2.5","2.5","2.5","2.5","2.5","2.5","2.5","2.5","2.5","2.5","2.5","2.5","2.5","2.5","2.5","2.5","","",
"Eswatini","SWZ","Prevalence of undernourishment (% of population)","SN.ITK.DEFC.ZS","","","","","","","","","","","","","","","","","","","","","","","","","","","","","","","","","","","","","","","","","","10.5","9.7","8.3","8.4","9.2","10.2","10.7","10.9","15.2","18.5","20.7","18","14.9","13.4","12.8","13","12.4","11.9","11.6","","",
"Sint Maarten (Dutch part)","SXM","Prevalence of undernourishment (% of population)","SN.ITK.DEFC.ZS","","","","","","","","","","","","","","","","","","","","","","","","","","","","","","","","","","","","","","","","","","","","","","","","","","","","","","","","","","","","","","",
"Seychelles","SYC","Prevalence of undernourishment (% of population)","SN.ITK.DEFC.ZS","","","","","","","","","","","","","","","","","","","","","","","","","","","","","","","","","","","","","","","","","","","","","","","","","","","","","","","","","","","","","","",
"Syrian Arab Republic","SYR","Prevalence of undernourishment (% of population)","SN.ITK.DEFC.ZS","","","","","","","","","","","","","","","","","","","","","","","","","","","","","","","","","","","","","","","","","","","","","","","","","","","","","","","","","","","","","","",
"Turks and Caicos Islands","TCA","Prevalence of undernourishment (% of population)","SN.ITK.DEFC.ZS","","","","","","","","","","","","","","","","","","","","","","","","","","","","","","","","","","","","","","","","","","","","","","","","","","","","","","","","","","","","","","",
"Chad","TCD","Prevalence of undernourishment (% of population)","SN.ITK.DEFC.ZS","","","","","","","","","","","","","","","","","","","","","","","","","","","","","","","","","","","","","","","","","","38.8","37.6","38","37.1","37.8","38.4","39.2","40.1","38.4","36.3","33.6","33.6","31.3","29.9","28","28.5","29.1","30.4","31.7","","",
"East Asia & Pacific (IDA & IBRD countries)","TEA","Prevalence of undernourishment (% of population)","SN.ITK.DEFC.ZS","","","","","","","","","","","","","","","","","","","","","","","","","","","","","","","","","","","","","","","","","","13.1052159698687","12.4718704163531","11.7059907226293","11.0034179152748","10.1862688882134","9.28931842654554","8.26546191860283","7.30698619348744","6.10787989588898","5.51082163737008","5.12012849534148","4.9041216136321","4.70571188006704","4.5747457041612","4.40961207161421","4.30048072173548","4.1551078520828","4.06758562047569","4.06428730192777","","",
"Europe & Central Asia (IDA & IBRD countries)","TEC","Prevalence of undernourishment (% of population)","SN.ITK.DEFC.ZS","","","","","","","","","","","","","","","","","","","","","","","","","","","","","","","","","","","","","","","","","","4.95689005204757","4.61644823444664","4.31726511053998","3.99418790354123","3.75982935005518","3.54348877120599","3.40698876860283","3.33617794269839","3.12924742404737","2.90794174852407","2.70321231692758","2.67871920045166","2.67096081416946","2.67498453526403","2.69426227647456","2.69590173433711","2.68966983940169","2.67139348059755","2.68612601342302","","",
"Togo","TGO","Prevalence of undernourishment (% of population)","SN.ITK.DEFC.ZS","","","","","","","","","","","","","","","","","","","","","","","","","","","","","","","","","","","","","","","","","","31.3","31.1","29.8","28.7","27.7","27.2","26.2","25.6","23.3","21.2","19.7","19.5","19.6","20.4","20.9","21.6","21.2","20.9","20.4","","",
"Thailand","THA","Prevalence of undernourishment (% of population)","SN.ITK.DEFC.ZS","","","","","","","","","","","","","","","","","","","","","","","","","","","","","","","","","","","","","","","","","","17.3","16.4","15","13.7","11.9","10.6","10.2","10.6","10.4","10","9.2","8.8","8.2","7.7","7.3","7.5","7.7","7.9","8.2","","",
"Tajikistan","TJK","Prevalence of undernourishment (% of population)","SN.ITK.DEFC.ZS","","","","","","","","","","","","","","","","","","","","","","","","","","","","","","","","","","","","","","","","","","","","","","","","","","","","","","","","","","","","","","",
"Turkmenistan","TKM","Prevalence of undernourishment (% of population)","SN.ITK.DEFC.ZS","","","","","","","","","","","","","","","","","","","","","","","","","","","","","","","","","","","","","","","","","","6.8","6.2","5.2","4.5","4.2","4","3.9","4","4.3","4.5","4.8","5","4.5","3.9","3.4","3.4","3.7","3.9","4.1","","",
"Latin America & the Caribbean (IDA & IBRD countries)","TLA","Prevalence of undernourishment (% of population)","SN.ITK.DEFC.ZS","","","","","","","","","","","","","","","","","","","","","","","","","","","","","","","","","","","","","","","","","","11.0079544069546","10.7439817856601","10.5096822573935","9.9445535278305","9.50346925820587","8.96388599737652","8.43422112182459","8.12199403268336","7.63896649453004","7.25207064836229","6.66027192268805","6.34198585611544","5.91311564839429","5.82038395075146","6.15405213806288","6.59358821671787","7.01884859367631","7.19473186191171","7.81805166415219","","",
"Timor-Leste","TLS","Prevalence of undernourishment (% of population)","SN.ITK.DEFC.ZS","","","","","","","","","","","","","","","","","","","","","","","","","","","","","","","","","","","","","","","","","","41.5","36.5","33.1","32.5","32.2","31.9","31.7","32.4","32.5","32.5","31.1","31","28.7","26.8","24.5","24.1","24","23.3","22.6","","",
"Middle East & North Africa (IDA & IBRD countries)","TMN","Prevalence of undernourishment (% of population)","SN.ITK.DEFC.ZS","","","","","","","","","","","","","","","","","","","","","","","","","","","","","","","","","","","","","","","","","","8.86020111370839","8.93334109929584","9.11534877871613","9.30548477195953","9.32777744683917","9.32018504131678","9.24133513578425","9.0375068787091","9.13149856890652","9.75838314833169","10.3652354664384","10.8339051508166","10.5052691947996","10.6040840429682","10.8984177544378","11.3544922960635","11.5392482484079","11.5265193802795","11.8240467421823","","",
"Tonga","TON","Prevalence of undernourishment (% of population)","SN.ITK.DEFC.ZS","","","","","","","","","","","","","","","","","","","","","","","","","","","","","","","","","","","","","","","","","","","","","","","","","","","","","","","","","","","","","","",
"South Asia (IDA & IBRD)","TSA","Prevalence of undernourishment (% of population)","SN.ITK.DEFC.ZS","","","","","","","","","","","","","","","","","","","","","","","","","","","","","","","","","","","","","","","","","","18.9649759949136","20.1938366163778","21.0500091109142","21.1704059497622","20.5745485313124","18.8319220756087","17.0996390794701","16.2947160217943","16.115029260947","15.9053103529247","15.6452050266038","15.2217717997409","15.1128718943692","14.6896816747126","14.3145354008128","13.8284633716185","13.4306242962085","13.4513032125276","14.467775076309","","",
"Sub-Saharan Africa (IDA & IBRD countries)","TSS","Prevalence of undernourishment (% of population)","SN.ITK.DEFC.ZS","","","","","","","","","","","","","","","","","","","","","","","","","","","","","","","","","","","","","","","","","","26.2642548512734","25.7078344306537","25.2539849743296","24.2956848767988","23.2535646049931","22.3946942630262","21.9604548350671","21.5299554990954","20.5861099637158","20.0168953319161","19.4844976699611","19.6247912397953","18.9029463695857","18.4392255501534","18.1143482090553","18.2180127895945","18.5201176865709","18.7601550014816","20.3410765707326","","",
"Trinidad and Tobago","TTO","Prevalence of undernourishment (% of population)","SN.ITK.DEFC.ZS","","","","","","","","","","","","","","","","","","","","","","","","","","","","","","","","","","","","","","","","","","10","10.5","11.1","11.5","11.1","10.5","9.9","9.6","9.6","9.2","8.3","7.2","6.6","6.5","6.8","6.8","6.8","6.7","6.7","","",
"Tunisia","TUN","Prevalence of undernourishment (% of population)","SN.ITK.DEFC.ZS","","","","","","","","","","","","","","","","","","","","","","","","","","","","","","","","","","","","","","","","","","4.4","4.4","4.5","4.4","4.3","4.3","4","3.8","3.6","3.4","3.3","3.1","2.9","2.7","2.5","2.5","2.5","2.5","3","","",
"Turkey","TUR","Prevalence of undernourishment (% of population)","SN.ITK.DEFC.ZS","","","","","","","","","","","","","","","","","","","","","","","","","","","","","","","","","","","","","","","","","","2.5","2.5","2.5","2.5","2.5","2.5","2.5","2.5","2.5","2.5","2.5","2.5","2.5","2.5","2.5","2.5","2.5","2.5","2.5","","",
"Tuvalu","TUV","Prevalence of undernourishment (% of population)","SN.ITK.DEFC.ZS","","","","","","","","","","","","","","","","","","","","","","","","","","","","","","","","","","","","","","","","","","","","","","","","","","","","","","","","","","","","","","",
"Tanzania","TZA","Prevalence of undernourishment (% of population)","SN.ITK.DEFC.ZS","","","","","","","","","","","","","","","","","","","","","","","","","","","","","","","","","","","","","","","","","","33","34.1","33.6","33.7","31.6","30.2","30.5","30.7","30.9","29.5","28","27.2","26.2","25.3","24.4","24.1","24.1","24.2","25.1","","",
"Uganda","UGA","Prevalence of undernourishment (% of population)","SN.ITK.DEFC.ZS","","","","","","","","","","","","","","","","","","","","","","","","","","","","","","","","","","","","","","","","","","","","","","","","","","","","","","","","","","","","","","",
"Ukraine","UKR","Prevalence of undernourishment (% of population)","SN.ITK.DEFC.ZS","","","","","","","","","","","","","","","","","","","","","","","","","","","","","","","","","","","","","","","","","","3","2.5","2.5","2.5","2.5","2.5","2.5","2.5","2.5","2.5","2.5","2.5","2.5","2.5","2.5","2.5","2.5","2.5","2.5","","",
"Upper middle income","UMC","Prevalence of undernourishment (% of population)","SN.ITK.DEFC.ZS","","","","","","","","","","","","","","","","","","","","","","","","","","","","","","","","","","","","","","","","","","9.30954227889788","8.82212486495172","8.27983688210294","7.67082223548895","7.00703127490333","6.30415334446914","5.57627588830096","4.95282967950198","4.21116116247677","4.01252410654298","3.95357785782531","3.89001295906216","3.7757817397073","3.73889874274433","3.76854049118432","3.8605063898164","3.91975817145132","3.96408395532128","4.13649002895912","","",
"Uruguay","URY","Prevalence of undernourishment (% of population)","SN.ITK.DEFC.ZS","","","","","","","","","","","","","","","","","","","","","","","","","","","","","","","","","","","","","","","","","","3.6","3.5","3.7","3.8","3.9","3.7","3.1","2.5","2.5","2.5","2.5","2.5","2.5","2.5","2.5","2.5","2.5","2.5","2.5","","",
"United States","USA","Prevalence of undernourishment (% of population)","SN.ITK.DEFC.ZS","","","","","","","","","","","","","","","","","","","","","","","","","","","","","","","","","","","","","","","","","","2.5","2.5","2.5","2.5","2.5","2.5","2.5","2.5","2.5","2.5","2.5","2.5","2.5","2.5","2.5","2.5","2.5","2.5","2.5","","",
"Uzbekistan","UZB","Prevalence of undernourishment (% of population)","SN.ITK.DEFC.ZS","","","","","","","","","","","","","","","","","","","","","","","","","","","","","","","","","","","","","","","","","","17.9","19.2","18.7","16.8","14.7","12.6","11.5","11.2","8.5","5.4","2.5","2.5","2.5","2.5","2.5","2.5","2.5","2.5","2.5","","",
"St. Vincent and the Grenadines","VCT","Prevalence of undernourishment (% of population)","SN.ITK.DEFC.ZS","","","","","","","","","","","","","","","","","","","","","","","","","","","","","","","","","","","","","","","","","","13.4","11.9","9.5","8.7","7.9","7.2","6.8","6.4","6","5.7","5.5","5.2","5.4","5.5","5.7","5.6","5.5","5.5","5.6","","",
"Venezuela, RB","VEN","Prevalence of undernourishment (% of population)","SN.ITK.DEFC.ZS","","","","","","","","","","","","","","","","","","","","","","","","","","","","","","","","","","","","","","","","","","14.9","15.1","14.6","10","8.4","7","4.8","2.8","2.5","2.5","2.5","3.2","3.3","5","11.3","16.4","22.2","23.4","27.4","","",
"British Virgin Islands","VGB","Prevalence of undernourishment (% of population)","SN.ITK.DEFC.ZS","","","","","","","","","","","","","","","","","","","","","","","","","","","","","","","","","","","","","","","","","","","","","","","","","","","","","","","","","","","","","","",
"Virgin Islands (U.S.)","VIR","Prevalence of undernourishment (% of population)","SN.ITK.DEFC.ZS","","","","","","","","","","","","","","","","","","","","","","","","","","","","","","","","","","","","","","","","","","","","","","","","","","","","","","","","","","","","","","",
"Vietnam","VNM","Prevalence of undernourishment (% of population)","SN.ITK.DEFC.ZS","","","","","","","","","","","","","","","","","","","","","","","","","","","","","","","","","","","","","","","","","","19.7","18","16.3","15.7","15.5","15.3","14.1","12.9","11.8","11","10","9.3","8.7","8.5","8.1","7.8","7.2","6.8","6.7","","",
"Vanuatu","VUT","Prevalence of undernourishment (% of population)","SN.ITK.DEFC.ZS","","","","","","","","","","","","","","","","","","","","","","","","","","","","","","","","","","","","","","","","","","7.4","7.1","6.8","6.5","6.3","5.7","5.3","5","5.1","5.2","5.6","5.9","6.4","6.9","8.1","8.9","9.6","9.5","9.3","","",
"World","WLD","Prevalence of undernourishment (% of population)","SN.ITK.DEFC.ZS","","","","","","","","","","","","","","","","","","","","","","","","","","","","","","","","","","","","","","","","","","13.2","13.2","13.1","12.8","12.3","11.5","10.7","10.2","9.7","9.4","9","8.9","8.7","8.5","8.3","8.3","8.2","8.3","8.9","","",
"Samoa","WSM","Prevalence of undernourishment (% of population)","SN.ITK.DEFC.ZS","","","","","","","","","","","","","","","","","","","","","","","","","","","","","","","","","","","","","","","","","","3.5","3.5","3.4","3.3","3.4","3.8","3.9","4","3.9","4.2","4.1","4","3.8","4.2","4.5","4.7","4.7","4.6","4.6","","",
"Kosovo","XKX","Prevalence of undernourishment (% of population)","SN.ITK.DEFC.ZS","","","","","","","","","","","","","","","","","","","","","","","","","","","","","","","","","","","","","","","","","","","","","","","","","","","","","","","","","","","","","","",
"Yemen, Rep.","YEM","Prevalence of undernourishment (% of population)","SN.ITK.DEFC.ZS","","","","","","","","","","","","","","","","","","","","","","","","","","","","","","","","","","","","","","","","","","26.7","27.6","28","28.3","27.8","26.6","26.1","26","23.5","26.4","27.9","33.3","34.3","38.6","43.4","46.1","46.6","45.4","45.4","","",
"South Africa","ZAF","Prevalence of undernourishment (% of population)","SN.ITK.DEFC.ZS","","","","","","","","","","","","","","","","","","","","","","","","","","","","","","","","","","","","","","","","","","3.9","3.7","3.6","3.4","3.4","3.5","3.6","3.6","3.6","3.6","3.7","4","4.3","4.8","5.2","5.4","5.5","5.5","6.5","","",
"Zambia","ZMB","Prevalence of undernourishment (% of population)","SN.ITK.DEFC.ZS","","","","","","","","","","","","","","","","","","","","","","","","","","","","","","","","","","","","","","","","","","","","","","","","","","","","","","","","","","","","","","",
"Zimbabwe","ZWE","Prevalence of undernourishment (% of population)","SN.ITK.DEFC.ZS","","","","","","","","","","","","","","","","","","","","","","","","","","","","","","","","","","","","","","","","","","","","","","","","","","","","","","","","","","","","","","",
